2.3646348836089515,13.54199547383007,0.9976509292159179,0.03318313023923833,0.3872643875933794,Glaucoma
2.3290153476915307,10.409404408513863,0.9984253149154491,0.035679458686783155,0.36617136211797574,Glaucoma
2.267915198317452,9.285005579058062,0.9968357629073874,0.0414896502860109,0.3600630484435019,Glaucoma
2.5051074321944347,10.755937042324021,0.9951480408277742,0.03594713902114434,0.3272267785222464,Glaucoma
2.3261740547297003,9.065304004285526,0.9908514567938758,0.0408304409124892,0.34094641425257893,Glaucoma
2.4063225092871994,13.734253838108174,0.9984683726358443,0.03845213729190643,0.39894235830644004,Glaucoma
2.0952602849154576,9.174754804065149,0.9987304163064978,0.041572744354751306,0.41050170013320586,Glaucoma
2.515630234505862,13.18647403685092,0.9971707886234357,0.029087433646642395,0.36064582435198866,Glaucoma
2.791331494949207,16.915465287402306,0.9967674959933408,0.027815536367213987,0.33816732609121625,Glaucoma
2.8380731321694084,17.790123456790127,0.9969189332865238,0.031255211891837734,0.3367832197426055,Glaucoma
1.870437776684703,6.074545007378259,0.9965591776440798,0.04287818218462322,0.4025475869342504,Glaucoma
2.647344988770466,13.272754688231608,0.997058919792187,0.030239581887165405,0.33307486378375667,Glaucoma
2.5117177522349943,11.952394636015327,0.9977074449106601,0.029256599382549178,0.3425061440223785,Glaucoma
2.5580042161418,13.029039752194114,0.9968698145471213,0.031700971387204076,0.3472625837995218,Glaucoma
2.0862946577232293,8.152828124256695,0.9979191740380993,0.036235398852269715,0.3891250371887488,Glaucoma
2.2383250201353664,8.516631105961483,0.9968519261725116,0.03285269670986006,0.3532182419756085,Glaucoma
2.385696350614889,11.18730561816989,0.9953061211488311,0.035117101983831944,0.34329814822883586,Glaucoma
2.3583319093187516,11.536974538619274,0.9981251766093945,0.044755576511957974,0.38101040099298333,Glaucoma
2.359339776135495,11.69280379511105,0.9970454928585127,0.035360876058326975,0.37369714040516,Glaucoma
2.7212481233666344,15.939660445202309,0.9965546899672155,0.03292231028377224,0.3346244647137593,Glaucoma
2.2351023742830467,9.303979925303453,0.9978348308679026,0.03187696955276182,0.36894495203065564,Glaucoma
3.2068519590812588,22.533661455317507,0.9961192642245802,0.038485844361917494,0.3318250340218551,Glaucoma
3.0025756174877825,18.851067041530655,0.9968517668717088,0.02606374925822429,0.3244863798251964,Glaucoma
2.2417249417249416,11.39939633016556,0.997402758660241,0.04104420675324518,0.3862534564186182,Glaucoma
2.664546347359674,19.870036010173507,0.9982933562286881,0.04589567972903496,0.4162387760275891,Glaucoma
2.444931441435296,15.9962309843782,0.9983997506956931,0.05076138450640574,0.4024556228136814,Glaucoma
2.393115547489413,14.853877797943133,0.9962864439994075,0.037637504941265366,0.37244934268400287,Glaucoma
2.2023738872403555,10.45050840751731,0.9979938867332528,0.04577679749081256,0.39304414239842406,Glaucoma
2.135892940101005,8.728408937643303,0.9983090974064117,0.037835345368828995,0.3865387471852588,Glaucoma
2.506096866096866,12.559738562091505,0.997667524326948,0.03609023660774488,0.3560822959863539,Glaucoma
2.296494929957212,10.008748021804115,0.9983619031293841,0.0375351735686765,0.36839926104742254,Glaucoma
2.4628522477825565,13.87034426141738,0.9979182578581943,0.0344148532659042,0.38195769123449985,Glaucoma
2.4016811414392056,14.021358560794045,0.9980285266998511,0.033498237749822767,0.3895263154142584,Glaucoma
2.2335880695877273,11.04102268833987,0.9971876340880025,0.04072653683996026,0.39625915698834474,Glaucoma
2.002318570278867,8.03682247288614,0.9986398342027656,0.03961431316212363,0.4105816862992216,Glaucoma
2.3249807987711213,12.008628552227343,0.9974617008749656,0.046501146618040466,0.3967207611610544,Glaucoma
2.0846168139948498,8.291938095617317,0.9976421141563562,0.03804575722599838,0.3918629591086093,Glaucoma
2.2846809789013935,9.342788805952905,0.9959867938668077,0.0408153294417614,0.35528360133093717,Glaucoma
2.3616038280669907,10.632335488947978,0.9964994757278324,0.03364639461544358,0.35853371295238207,Glaucoma
2.1728720592122657,9.188943959820248,0.998673789140844,0.03652623960431395,0.3852250565427497,Glaucoma
1.977190936966381,7.792937407046986,0.9965256223954815,0.037551114802405486,0.4114443349741708,Sauvadel
1.8367111031045458,6.550586480914349,0.9975526168543005,0.03756283084292528,0.4220021792339129,Sauvadel
1.8913258391134495,6.218392729012197,0.9960914790806251,0.03913012748090842,0.40124030377521475,Sauvadel
2.7379168024329323,13.520246452797775,0.9947112707534831,0.02816434523783066,0.316659542530011,Sauvadel
2.475854444522852,10.790738519198051,0.9965996368303953,0.027921332543793254,0.3341226394905888,Sauvadel
2.5043863932291677,11.843497721354169,0.9971837194371307,0.02931752303789987,0.34621260238372803,Sauvadel
2.7220253800728735,13.107115634292413,0.9944726586333574,0.029973017799622286,0.3128132228707194,Sauvadel
2.159149081881608,7.830937807644565,0.996167121804948,0.0337326252700238,0.36030371154722135,Sauvadel
1.971038093049742,7.240286921685965,0.9968113899255935,0.03711050903495161,0.40183059153139805,Sauvadel
1.8776878281427507,10.758793969849249,0.9932048758037669,0.04286643846015406,0.4151294359762003,Sauvadel
2.52625,12.641293103448275,0.9959212075895174,0.031090941072133726,0.3480475673500823,Sauvadel
2.664535878274962,13.483989075958105,0.9954838817485928,0.03158330173293087,0.33041934846745485,Sauvadel
2.2703374083129586,9.874327628361858,0.9976070189147067,0.03169745536733373,0.3709782115248835,Sauvadel
1.551852631682034,4.213041626065625,0.9985630363288599,0.038260145832309134,0.45521221002628504,Sauvadel
1.904095731156445,7.3825729912199565,0.9977124889891384,0.034613007965906294,0.4056813429302343,Sauvadel
2.693748547524983,14.521481137191108,0.9958043569222248,0.029342700889490182,0.33725520458334246,Sauvadel
2.8456594455438613,16.33244601670724,0.9937581732973609,0.026809287900836382,0.317017355683178,Sauvadel
2.6186424417258287,12.507579115913167,0.9950948014051623,0.028414814127683964,0.3275279893648123,Sauvadel
3.0753989283401046,16.667064122946478,0.994027382354669,0.024193566227241625,0.28668073001280564,Sauvadel
2.264410256410257,16.633945787545787,0.9941673091171968,0.041630319117084404,0.3894892341700788,Sauvadel
1.9836761740132527,7.042010947853644,0.9978533283544415,0.031758476986771964,0.39162389233888656,Sauvadel
2.2420845562980083,11.165729927767021,0.9980060736930096,0.035764140188454654,0.39638960229153436,Sauvadel
2.358028455284553,10.986575203252034,0.9977524572388796,0.032279736399014894,0.3668632192154374,Sauvadel
1.9183492612653483,6.470840541077048,0.9970513568826072,0.03821219901649238,0.39708163168569,Sauvadel
1.9537130927527588,7.329891820079713,0.9978911619778261,0.03827917275313033,0.4101478505775341,Sauvadel
2.066013392128042,10.455049267788121,0.9965053931558854,0.03475005508711245,0.3910183273394261,Sauvadel
2.083233005432389,8.893667107130621,0.9978882870456707,0.037894862927143017,0.40002761051503405,Sauvadel
2.396992670420586,10.65969360470603,0.9963116257747987,0.03358772733212694,0.350692727499879,Sauvadel
2.1863901345291485,10.389630044843052,0.996477501205676,0.03765005533072861,0.3776541750568815,Sauvadel
2.062287642404505,8.084366953925016,0.9972537575829995,0.03798993694980956,0.38949558903637477,Sauvadel
2.256659123399727,9.385148952810777,0.9946956418205177,0.037828091861814635,0.36212472778371374,Sauvadel
2.1792991101097363,8.778200119948778,0.9981654474305284,0.030998394481180497,0.3752109099727079,Sauvadel
2.5761217655119855,11.450303754241201,0.9930482598463216,0.03233631880116708,0.320715407244465,Sauvadel
2.775571734857961,13.68937972723483,0.9923785198781729,0.03157789026983797,0.30822608279321717,Sauvadel
2.1845582703692807,8.769796879599648,0.9967274248407803,0.03453929429572326,0.37336244981974037,Sauvadel
2.8318122315024796,14.907793572653356,0.9942116645576079,0.02717061737505257,0.31436839088071045,Sauvadel
3.2760256303569943,20.719231089290172,0.9952458722011082,0.024034627280445666,0.29510922681611734,Sauvadel
2.619968545417349,12.77876304214403,0.9967486879248636,0.02992798640231345,0.3329146387988876,Sauvadel
1.9876930600268958,7.72058084409851,0.9975200484035796,0.04125286888748336,0.4059073542525873,Sauvadel
2.465258375152584,10.9545300420453,0.9962251539420077,0.02918531123968794,0.34149307053624695,Sauvadel
2.7829181299083863,15.404882418566821,0.9966114824716851,0.027548132802172273,0.3374207945526616,Sauvadel
2.7540212311058068,23.64652321996818,0.9924110578631956,0.03590501664976206,0.34026168207031776,Sauvadel
2.2395959478341867,9.483226595249185,0.998337645165623,0.032194652542662225,0.37172031791035925,Sauvadel
2.213382837094177,8.985617475308198,0.9980863515942955,0.034552572247819636,0.36912702880541853,Sauvadel
2.6653593892399865,12.58451735317407,0.9936188900543474,0.03344083679154402,0.31799601172396824,Sauvadel
2.090409307459912,7.6485083081571,0.9951632847706818,0.0378518500881461,0.3741497344290495,Sauvadel
1.9993520114366645,7.156900076155359,0.9963453613232631,0.0383934321828904,0.3915336577812684,Sauvadel
1.7769717167621268,5.458303766029704,0.9964314923722869,0.039232260530919404,0.41120230515660106,Sauvadel
1.8804708477176832,6.5475115074798635,0.9980849461783674,0.03771401028908121,0.4117913919438087,Sauvadel
2.071028945534496,8.49176490218981,0.996961028677706,0.041359771801729485,0.38884977804441695,Sauvadel
2.2191685520361992,9.76456447963801,0.9928106090909546,0.0400428641248667,0.3785641270985708,Sauvadel
2.1465297079556898,8.204664652567976,0.9959907229255467,0.03482857354304638,0.3707031285329298,Sauvadel
2.297435416275724,11.323293926315129,0.9966436835075145,0.034841197552973976,0.3746494306903423,Sauvadel
2.095769186670698,8.057421903501185,0.9977704199226057,0.03880351095192686,0.3809404824304091,Sauvadel
2.1960801347161345,8.923961563134824,0.996578769241529,0.03311074495254843,0.3699622915495665,Sauvadel
2.379441789876809,10.629379542571229,0.9957185531917427,0.03216363291862924,0.3532675808621681,Sauvadel
2.518378938481023,12.595978048125264,0.9964661417679125,0.02904976173979819,0.346251475726975,Sauvadel
2.8790257142057696,16.88397828702538,0.9957899969890223,0.028883806231466528,0.324955376050572,Sauvadel
2.758888627266306,14.833707929304822,0.996304087582072,0.027886831846673885,0.3252674149099499,Sauvadel
2.585517634148713,12.62618938478421,0.9961611842670212,0.030695769843588912,0.3342060423921102,Sauvadel
2.288905212434624,14.608326967150497,0.9952439252782105,0.03967296371669936,0.3806186387005044,Sauvadel
2.1325199734648552,8.318265985982523,0.9971407284533742,0.03619248794116875,0.37781530486338766,Sauvadel
2.091161980803534,7.879873439225348,0.9934732558961085,0.04263867449881005,0.38182142493001325,Sauvadel
2.1019871741942584,7.740277433737924,0.9944677633359309,0.0390766220850896,0.37453830136261396,Sauvadel
2.6164848484848484,12.7156632996633,0.9936333932905808,0.031509264824758014,0.3300727507429391,Sauvadel
2.0413058826851933,7.541421672456155,0.9966434156839041,0.035982933829040574,0.38690794291943253,Sauvadel
2.2065887821116763,9.657389611205327,0.9959760363388374,0.0350803171012473,0.3702059425862246,Sauvadel
2.5453196708339934,11.847055177506991,0.9953931297092286,0.03270425049011826,0.3357524218172283,Sauvadel
2.2362234986653253,8.462014171313573,0.9937730366792497,0.04108258015764464,0.3518012065230979,Sauvadel
2.282935816695699,9.089340747688599,0.9939228522213152,0.0383944880961508,0.3538909883583977,Sauvadel
2.0497157434402333,7.84048833819242,0.9956334160590576,0.03823933590463657,0.38964882236263826,Sauvadel
1.9720168674186904,7.839541775540119,0.9975098566856981,0.04054780086579598,0.41349609318157476,Sauvadel
1.9496291518864883,7.854572257797024,0.997462607419623,0.0448521836330717,0.41793582926587575,Sauvadel
2.442847603286589,10.49602241384316,0.9961241891145889,0.02896000006121641,0.3381278863615481,Sauvadel
2.4726379107981216,11.216373239436619,0.9963436146027314,0.028869643592258794,0.34238167913260814,Sauvadel
2.0958294346398683,8.557917908389266,0.997535460134696,0.035592208957130986,0.39313831199253313,Sauvadel
1.772309672309672,5.634689634689634,0.9982042756991742,0.03701186509011258,0.42247703741858317,Sauvadel
2.6620196043272966,12.764479110632958,0.9939459671884519,0.03144911589144318,0.320482356369003,Sauvadel
2.761944486576672,14.885036471188451,0.9968453057474176,0.028550919618254327,0.3271976528638429,Sauvadel
3.3399424763788748,22.504756760977642,0.994016675897979,0.0262531637562964,0.2876716935621749,Sauvadel
3.282353708231459,22.176723716381417,0.99302130889343,0.025301858566839038,0.29111859168666054,Sauvadel
3.103281710914454,18.043196902654866,0.9885127280966601,0.028955804517164216,0.2901842736608989,Sauvadel
2.7021382810549963,13.953397860794484,0.9950466383470014,0.02815220839859214,0.32800109743918376,Sauvadel
3.2097059640490464,19.644641085671207,0.9905144319950077,0.026478920359305515,0.29147025991968967,Sauvadel
1.9709494718085785,7.783549700903652,0.9971958215199864,0.03607897988632816,0.3984237367021419,Sauvadel
2.163249729802003,10.883224325619226,0.9965982565961191,0.03540087927371307,0.3839829886044476,Sauvadel
2.7017702312138736,13.734632058692755,0.9947548489158446,0.03066507804017361,0.32600561142674955,Sauvadel
2.8330792363102315,14.806671795230438,0.9932903623922501,0.02967641986636177,0.3083376289571561,Sauvadel
2.7224163274954014,13.427547847155026,0.9918288936514865,0.03132045818964831,0.3155894720014199,Sauvadel
2.849655330882353,15.32179074754902,0.9956571732526702,0.0280029590128675,0.315335357799583,Sauvadel
1.937928388746803,6.678030690537084,0.9961288591336335,0.04147290454078562,0.3964708393730402,Sauvadel
2.3189318223551325,10.36413000708271,0.9971764534098093,0.03443173267632042,0.3623609171539651,Sauvadel
2.006804435483871,7.678919450844854,0.9978316982379064,0.036123493694894496,0.40316703133652754,Sauvadel
1.9838886200778785,13.662386811363792,0.9944763662006462,0.05117955466439116,0.4208569014717175,Sauvadel
1.7764649593311677,5.670388557326685,0.9977549062179593,0.041421351379044284,0.4226951551466777,Sauvadel
3.2382225617519738,20.37846532552415,0.9942337050443036,0.027188747176160693,0.29258604227046914,Sauvadel
3.3106582612520157,19.060157357181254,0.9925204274726515,0.02443280648042551,0.26962013055490125,Sauvadel
2.3486300366300363,10.052073260073259,0.9959137003564561,0.031610758095494886,0.3527209848784412,Sauvadel
1.9775768645357688,8.864395738203957,0.9966742103802995,0.03969583555028896,0.3971389826516599,Sauvadel
2.161717829208186,8.330406889531769,0.9975089827404707,0.031429652340881485,0.3693371908120948,Sauvadel
2.5028747502037443,28.161399082312744,0.9901010383622525,0.0509291454002536,0.38039507136950895,Sauvadel
2.144039928290318,9.023692836457371,0.9942359056797468,0.03773568157659672,0.3689452821336163,Sauvadel
1.733773188318643,5.239864148955058,0.9969172229669725,0.0441776293801554,0.424955388009773,Sauvadel
1.750483141147278,5.438318493650562,0.9976112411720756,0.03970729745235445,0.42403137035110167,Sauvadel
2.599505772524613,12.916504321221709,0.996643165169917,0.02772904124699194,0.338000065244248,Sauvadel
2.5806669099100525,12.856235226930215,0.9952203795728884,0.03251274805335713,0.33885732561067106,Sauvadel
2.705487987987988,14.875548048048048,0.9953766841592946,0.03144598855047552,0.3360280190512259,Sauvadel
2.3593562009011775,10.215309396305646,0.9949940822778279,0.03248824787784989,0.35438169219828014,Sauvadel
2.6655643118491414,13.234635263413761,0.9936867521140994,0.029969712372618675,0.32488825494704154,Sauvadel
2.2900195848021934,8.73160203681943,0.9847496842000119,0.04363828510098758,0.3439835635867435,Sauvadel
2.9557873242349046,17.32574700165426,0.996141397766028,0.02411820776101403,0.3149675502629447,Sauvadel
2.4983907891193105,12.95939267438729,0.996610727941592,0.029557129562429715,0.347043710737246,Sauvadel
3.18765683558742,20.154481016783446,0.9938979510926451,0.028791909729538847,0.29873694670303813,Sauvadel
3.390868578836493,21.88641225085075,0.991601079450657,0.027874307925373727,0.27884012573553074,Sauvadel
2.820611060388679,14.512586409286554,0.9946500336640144,0.026951027874619168,0.3101522870075242,Sauvadel
2.8198195945044686,13.747857476323862,0.9930661344081276,0.028515670081637023,0.30288092933791444,Sauvadel
1.9834796488427773,7.556823623304071,0.9963096606262999,0.04071735965256709,0.40449218241852414,Sauvadel
2.7758557127867736,22.026515044097216,0.9943137294988234,0.03201083893191241,0.3349882080543948,Sauvadel
2.354787989683376,11.22163272999775,0.9975909465624486,0.03103956501644753,0.3712916885348436,Sauvadel
2.199310058268189,9.411500961473424,0.9970400204108315,0.03184291673101885,0.3792432263624341,Sauvadel
3.690232108317215,27.56809892235425,0.9939304859099113,0.024109889205238877,0.2724668470485122,Sauvadel
2.958308801298473,17.617793549003064,0.9953651562565441,0.02616524290159658,0.3188586947230219,Sauvadel
2.1931243857925034,8.75944709626094,0.9967561470238094,0.03595230003560014,0.36719006160692436,Sauvadel
2.3487485041882725,10.29456272437176,0.9963819994546315,0.0325415187497114,0.35796887878498784,Sauvadel
2.8381981833309267,17.203347291842867,0.9948810684854019,0.028511402160157597,0.32937040733894324,Sauvadel
2.989757301522007,16.91500068558892,0.9931805626560237,0.028284073341260665,0.30497734965719037,Sauvadel
2.7237916187203886,15.532606170618518,0.9966623226992116,0.02999991655345673,0.341625653556793,Sauvadel
3.258372988381734,22.811495610498465,0.9952512571822645,0.030598129919779806,0.3155939892189906,Sauvadel
2.5773796997755327,12.07324109147026,0.9934726139843337,0.032468304982920804,0.32843781114511067,Sauvadel
2.3912837307173658,10.333609946208677,0.9948481458563431,0.0348363051504003,0.34681308321995113,Sauvadel
2.5801452784503627,12.907691797406214,0.9958318464544346,0.029748509704207473,0.34605378636550094,Sauvadel
2.8092362396779222,18.805788200260565,0.9961717301323614,0.03360377270616765,0.34959159382929683,Sauvadel
3.19248363185371,21.640869891263595,0.9942450191240558,0.030585744377949583,0.30533972210304783,Sauvadel
2.0677778623139638,8.238975343395738,0.9974923297575332,0.03498024124394045,0.3973719539795473,Sauvadel
2.0913757637536703,8.443633300575602,0.9970424088076546,0.03437284713395256,0.3941129116997143,Sauvadel
2.966644164416441,16.80107260726072,0.994768448427982,0.027840962074031302,0.3078391023827955,Sauvadel
2.9529665738161563,29.48930362116991,0.9941073265817416,0.05465247630238334,0.3525154275708192,Sauvadel
3.2186487576301115,20.72152004338214,0.9949512935352549,0.027325469034415694,0.29679297165076285,Sauvadel
2.6399619922850013,13.070683004311324,0.9972256181160863,0.02583136122306919,0.33490424271926716,Sauvadel
2.9896939552807287,17.166509835551373,0.9964638190133529,0.025361593183802565,0.3103301696810232,Sauvadel
2.0461333737830607,7.634166689649467,0.9964962435897176,0.03545686687340526,0.3888792703177051,Sauvadel
2.1823888043971293,8.736552469382854,0.9954380720935925,0.036991449282993076,0.3732989027636558,Sauvadel
1.7071913836894237,7.8722996249596955,0.9958026926082401,0.045040097347722165,0.43917822882542024,Sauvadel
2.88373324257379,15.002533703934805,0.9940835946814722,0.030058483162037776,0.29978203937625447,Sauvadel
2.4955008227067053,11.28171705745235,0.9964572196038787,0.028599263716589923,0.33748885440396054,Sauvadel
2.7703749640494677,14.108471742881793,0.994860380057688,0.027589741713265073,0.31542797368836045,Sauvadel
2.521650614673871,15.916187954242922,0.9977349437419597,0.03302030158141744,0.3770288439709922,Sauvadel
2.524125132555673,11.720549916679289,0.9963604843886494,0.029151162513840676,0.3376567023915739,Sauvadel
2.169058099430248,8.066845785933422,0.9951474531776512,0.036085528033328144,0.3627398268378601,Sauvadel
1.9112655014378142,7.77964930805176,0.996841525053449,0.03891824707784274,0.41562225183685914,Sauvadel
1.9705679428771679,7.092435824426141,0.9974930096213599,0.03608790240586984,0.39902291232449205,Sauvadel
2.0144179780433973,7.475948060882278,0.9952417805341268,0.04152845875804445,0.3935940470195301,Sauvadel
1.846647878468051,13.058677565318929,0.9937461507518268,0.042748991845534476,0.43354949156142264,Sauvadel
3.211504899986576,19.378909920794737,0.9936435016056199,0.025080968966805138,0.28968950381424163,Sauvadel
3.3546387283236996,20.86196531791908,0.9939822488315433,0.02404031547337529,0.2790455319969059,Sauvadel
2.3988715988715987,10.621821821821822,0.9971581007010729,0.03246948410251911,0.3514869237328406,Sauvadel
2.080692795623836,8.084868191340783,0.9972625879350148,0.034255953108686954,0.38573950160153764,Sauvadel
2.328504584708094,9.977606840944143,0.9967445158049758,0.032829232423184126,0.35683676532367625,Sauvadel
2.922028016586447,15.12043799198126,0.9951766464674923,0.028701800959419193,0.2945558556280569,Sauvadel
2.794507723513809,14.096056327040102,0.9944052579636131,0.0314584614413964,0.30412065915375414,Sauvadel
2.5743561763422087,14.270864251418596,0.9966402467107008,0.03009328281846158,0.35850386934942935,Sauvadel
1.7773251076708183,8.011390657997572,0.9981333099207189,0.05083704749015864,0.45803205760421845,Sauvadel
1.9728324538897226,7.744958125574866,0.9980009870718559,0.04102345327192593,0.41029352367083843,Sauvadel
1.7240794543436786,5.242851977006621,0.9976112778951044,0.03889288073068445,0.4266464971054897,Sauvadel
2.642616959064328,36.06902046783627,0.9930615768628646,0.10979891899928237,0.41240828497826065,Sauvadel
2.4562175747491986,12.736034764783108,0.9973231393921907,0.028363964952289003,0.3662139888051645,Sauvadel
2.374377773490256,10.74087079554955,0.9979750210354141,0.0275996731213045,0.3661479086271168,Sauvadel
2.058550136928586,7.492600589846219,0.9964485653709493,0.03927598552407719,0.3789048211050937,Sauvadel
2.00476346647025,7.494276850950813,0.9980969956237112,0.03536330576816795,0.39833436959706287,Sauvadel
2.7403631242154245,14.770552034536603,0.9962840228829607,0.02625481211004024,0.32972598258433766,Sauvadel
2.5575587225601497,12.217908459415739,0.9959725897161544,0.03104805877475707,0.33613694937155564,Sauvadel
2.5875520490905113,11.908440562286719,0.993863099524455,0.03195544665972389,0.3253606487242873,Sauvadel
2.1447368421052633,7.849660145127214,0.9948461375375214,0.03803600307359974,0.36338698255525353,Sauvadel
2.6258066597831697,11.928680519704008,0.9902707560429519,0.03409409323404638,0.3169212784630269,Sauvadel
2.6097986947329717,11.243619205196557,0.9860848694347515,0.035405480494163616,0.3114981972067485,Sauvadel
2.5038144075795197,12.412352789116461,0.9972554205068725,0.028401183073242933,0.3494502497315412,Sauvadel
2.6860841672294185,13.199129780833692,0.99634731168404,0.028151959362643482,0.3244070931197334,Sauvadel
2.305661889076827,10.907984411011206,0.9973323583915382,0.03362441232525874,0.3783521077050578,Sauvadel
2.1236979166666674,8.218510603512707,0.9961087166881281,0.03989466146479718,0.3788799136387447,Sauvadel
1.8180108434315947,5.768436933802711,0.9973916893517668,0.04100752520609396,0.41077557543803034,Sauvadel
2.4524982147721164,11.136950904392762,0.9951698899802207,0.03456171189737403,0.3447579227244971,Sauvadel
1.6611823777782255,5.029166750575615,0.9970973047825735,0.04209848186360689,0.4411630985371883,Sauvadel
2.0943827965455304,8.361562876756143,0.9966948895749266,0.035420365780577716,0.387052223686317,Sauvadel
2.0912234966979497,8.278629359286295,0.9971403040074146,0.034514363444775924,0.3885204630201811,Sauvadel
2.3448828470380194,9.95659261715296,0.9951194213684006,0.03393931831032157,0.3523773060078768,Sauvadel
1.9319626877387617,7.018610340677168,0.9967877602206139,0.03862684937122138,0.4068358556838962,Sauvadel
1.9236036630641036,6.417842312240464,0.9969822583065743,0.03684892831090161,0.394714090977659,Sauvadel
2.0301899644289714,7.079883448119276,0.9962591233810975,0.035569369908078526,0.3813301216917008,Sauvadel
2.0621046899652336,7.444464612334372,0.9960388741242395,0.036840731679300256,0.3790556442690074,Sauvadel
2.1813870340186132,9.144098007255902,0.9968172784845017,0.033157014202198014,0.38156969983905714,Sauvadel
2.6335941013943325,13.312833322624174,0.9957970455647246,0.030777876613382514,0.3361383097324917,Sauvadel
2.8914542592086607,23.260724462313128,0.9948843102704075,0.028923522935982927,0.33339637696016833,Sauvadel
2.6461933147211956,13.7140916881353,0.9968956182031682,0.028894220930979462,0.34095620633775237,Sauvadel
1.8975099217285853,6.174215907838166,0.9942153276471661,0.04466035313819713,0.39732762136058813,Sauvadel
2.1608783392839506,8.263403000239906,0.9940721152006515,0.03955706211386321,0.3695244086874968,Sauvadel
2.5477300489335093,18.866990480733783,0.992012866352303,0.03475681896272086,0.3470340027676773,Sauvadel
2.5041616959425177,11.373921867072552,0.9966444289499756,0.030622658073972606,0.3384192420278227,Sauvadel
1.904902962206333,6.990245148110317,0.9974340980026459,0.03993946043988349,0.413428780843833,Sauvadel
2.031864500545811,7.841695027438738,0.9973238199567309,0.03642625766360292,0.3979268108900828,Sauvadel
2.22528728169837,22.042543660325915,0.9899123485070881,0.05157524491940474,0.3880118950095264,Sauvadel
1.9253088906795595,6.248180230996508,0.9950133384192383,0.03866403228683659,0.3900339438411341,Sauvadel
2.1375666095727466,10.755643971833665,0.9961694335985437,0.04092066261087166,0.39148025239340667,Sauvadel
2.259612182689106,9.868580137810907,0.9973845668087634,0.03486954699140101,0.37258622727985613,Sauvadel
1.8749877713023912,5.936788115103491,0.9956522933230402,0.03990408560739808,0.3973908062477752,Sauvadel
1.8373421114976498,5.7876656816169785,0.9966947482815544,0.040224171770967376,0.4051021132391879,Sauvadel
2.322229637254126,10.546856089312175,0.9952003002025466,0.03418140679709869,0.36845740565054974,Sauvadel
2.2982315429623297,9.830438498455065,0.9966878749263022,0.034661265556405606,0.3612769210374692,Sauvadel
2.9797161697247714,17.9497443616208,0.9967813068005534,0.026666861431920808,0.3182145411633709,Sauvadel
2.2579158209592993,9.965906420254248,0.9969857559907848,0.034343921025875086,0.3754083610008172,Sauvadel
2.3932579102281086,11.477807415583356,0.9967659662817476,0.035339266352797355,0.3647317140940645,Sauvadel
2.0266557654617348,7.100320077932016,0.9951259242411553,0.03826484571004883,0.38077844656369264,Sauvadel
2.196531558782013,8.441892086538186,0.9934014232200835,0.03654383862940549,0.36170045191890426,Sauvadel
2.085526700876046,8.17912122217236,0.9969822535350005,0.036128143115764656,0.3863072912319637,Sauvadel
1.6704212454212457,4.935547295841415,0.9979608696607506,0.04248496584080511,0.43595225560653644,Sauvadel
2.6434918770796636,14.310678634342755,0.9956795360085183,0.03277545531207542,0.3412213543499927,Sauvadel
2.456006607366427,11.804263324527883,0.9975535041794553,0.029975314627123707,0.352441441884009,Sauvadel
2.2781071303536002,9.638487571478585,0.9964806382408422,0.03700882292511051,0.36194432923875824,Sauvadel
2.552157327019205,12.526598263614837,0.9968237214631648,0.029655889984158725,0.33676265838256797,Sauvadel
2.2476528199932453,8.413069908814588,0.9900616943727639,0.03901885547367937,0.3487620467283846,Sauvadel
2.6180371352785143,14.384518929346514,0.997450194630442,0.032982914240353385,0.36053856604425716,Sauvadel
2.079023767361739,7.847903340440655,0.9968696782035669,0.03628512690264505,0.3820924904450824,Sauvadel
1.9627416017258845,6.901609210584248,0.9978088420514952,0.03442280162694919,0.3939621956712858,Sauvadel
2.8309212417361307,15.315945674044265,0.9948755437985886,0.031153441825821658,0.3120162991529687,Sauvadel
2.1366668607020194,8.785726759415564,0.9966081775080178,0.03577013578874735,0.3857358640710903,Sauvadel
2.056207272106969,7.225570470679316,0.9963438752372666,0.03543412557615351,0.3751492270057099,Sauvadel
3.1770273899033294,19.430518259935557,0.9917040634180013,0.028710000161209344,0.29016346647156754,Sauvadel
2.47665601562888,11.325218125527725,0.9957195614347327,0.03072661049673307,0.3442849991377478,Sauvadel
2.7717141487127765,14.39584814563733,0.9959098883923884,0.02817762516673993,0.32198846805631204,Sauvadel
2.172998585572843,10.481810466760964,0.9970222193480344,0.03651942589742203,0.37808170574973615,Sauvadel
1.6837086630148104,7.699572017892164,0.9946245522292322,0.04338267264917705,0.4405324942403743,Sauvadel
1.6312829339335364,4.675752681053886,0.997638738958764,0.0496537495901852,0.4413811116385883,Sauvadel
2.6923222988796764,26.68737261852016,0.995001354554012,0.05405419913611563,0.3831227064983169,Sauvadel
2.0229664139899852,7.837359246787727,0.9974532499920455,0.0351461742002582,0.399289903903708,Sauvadel
1.8947439850603662,6.873821983844349,0.9969491364671971,0.04146560861857083,0.41543440968978146,Sauvadel
2.396831742243437,10.56764319809069,0.9968889082629002,0.030268496126011308,0.35125439491347915,Sauvadel
2.874803392194062,14.304956948971155,0.9931683661551688,0.02721538215975813,0.29958071763649524,Sauvadel
2.0532966669885986,8.148544444387964,0.9965598716165194,0.03934445611916245,0.39492590544721073,Sauvadel
2.4593723379539996,10.58484666615039,0.9937895792023018,0.034169458204252164,0.33599817081016353,Sauvadel
2.7497540719589804,13.982650103159198,0.9941120685600234,0.029815733635885223,0.32063202479006603,Sauvadel
2.464878330886605,12.49610747809066,0.9972375647003998,0.03196587950178375,0.3630622458511042,Sauvadel
2.8982059662054103,15.997155969682218,0.996230120114341,0.027126024110251876,0.31276338119144914,Sauvadel
1.8975108117922819,6.586065167871646,0.9979840512545497,0.0335504402904484,0.40859067576589253,Sauvadel
2.39929590891758,12.927895353271232,0.9956289414013282,0.03448417318090756,0.361095127734889,Sauvadel
2.4589450344264208,11.687583148558758,0.9970405303182621,0.03132103126525191,0.35350349045160795,Sauvadel
1.9761266107970765,8.110466202938962,0.9980786315801711,0.03922535565342567,0.4172008500918164,Sauvadel
2.3560328107820974,10.738125239348232,0.9957187260877421,0.03394025310611968,0.36409001516553097,Sauvadel
1.9975080475080471,9.18273393273393,0.9978596377180483,0.03658843694963408,0.41154971686736913,Sauvadel
2.0951415639694937,8.528921977799785,0.9976195913180534,0.035201031087403016,0.39217788183731367,Sauvadel
1.8955257632046525,7.808022398104777,0.9971319903090771,0.04215368587907779,0.4132484399269839,Sauvadel
1.810738262883342,5.7897319235537665,0.9976341397303545,0.04300595435298091,0.4146685204971435,Sauvadel
2.8134352230318114,15.445288786209348,0.996706468455018,0.026082692324802863,0.32432741135507454,Sauvadel
2.0439870490286767,8.63358515777572,0.9979561110678881,0.03691944368969462,0.4069554529415175,Sauvadel
2.191187839650742,9.024301371108939,0.9976570166279054,0.03190016772398509,0.37947158683912413,Sauvadel
1.8911386397535983,6.672166476183097,0.9964128885796706,0.04165473867175099,0.4103400113157964,Sauvadel
2.2806757880563913,10.246896285442737,0.9965882602789209,0.039839531141401104,0.3749826507258753,Sauvadel
2.12732947247448,9.285958942695538,0.99756127106464,0.03400689035059178,0.38693397391421913,Sauvadel
2.629569779917829,13.157976343129302,0.9967352881789833,0.030363795561308884,0.3390912913929127,Sauvadel
1.9571786886115465,6.867012207597353,0.9952454634389424,0.040756036848735855,0.39583258461563486,Sauvadel
2.78049367196654,14.724623848654856,0.9969974886606823,0.025059649625711135,0.3269400887924027,Sauvadel
2.043655265166661,11.983502702814981,0.9965257048653817,0.04775524690784884,0.4155012878790569,Sauvadel
1.7795401784763487,5.526776776776776,0.9982660091615557,0.0353672399881494,0.41804958061879305,Sauvadel
2.149815073857283,9.507086949239245,0.9980973069687321,0.03536002070943858,0.3977825359462899,Sauvadel
1.8616750780136377,6.499653272720269,0.9986133653025507,0.03338677059036017,0.4199721281696322,Sauvadel
2.1454689984101747,8.821096497567087,0.9972328648788965,0.03512387093079506,0.3823545596879923,Sauvadel
2.111052102862043,8.683639714115698,0.9963823530691002,0.03812535083778513,0.38861370438145065,Sauvadel
2.511315730329426,11.849153107994907,0.996204419413014,0.03206451920988228,0.3407137755345695,Sauvadel
2.382854501493387,25.318624662210212,0.991993803713956,0.03847229302139633,0.3839011403790965,Sauvadel
2.0891146690957507,8.07264828504362,0.9965047667056438,0.03531132449266901,0.38233069099560074,Sauvadel
1.8760897252904098,6.536765190276464,0.9975272108826978,0.03997079669725804,0.4110712277259952,Sauvadel
2.006541441518712,7.0940217857449195,0.9967126126106894,0.038550886899812675,0.38639202401912454,Sauvadel
3.02476888191174,26.696416458321227,0.9940503411533721,0.034406770527517436,0.3337568741551454,Sauvadel
2.485861856305889,11.325840271353684,0.996120552713882,0.029534847612441874,0.3395474981048123,Sauvadel
2.2380978603376227,32.135048979117336,0.9876281473036306,0.04790252704203635,0.4107128425660896,Sauvadel
2.0917605778681967,8.012909456648458,0.9962016828104295,0.038568756940975224,0.37980741686672354,Sauvadel
2.1228330938657773,14.514635045939237,0.9961264009240568,0.04191389572301176,0.4110609646255666,Sauvadel
1.9838293996822074,7.95381351005697,0.9976908249544673,0.0347561452462311,0.407930090993569,Sauvadel
2.6465744400527016,14.17259552042161,0.9959177747698602,0.029581298921354134,0.3394158238698681,Sauvadel
1.9930436851563131,13.734000788924993,0.9961206125508227,0.04086623288358498,0.42167272169805087,Sauvadel
1.8951112291400907,13.921354761916053,0.9960680133815205,0.05009846917729707,0.43476846006901515,Sauvadel
2.212844400667597,9.248714055104106,0.9970836980202484,0.03736051934214913,0.3713770522498257,Sauvadel
2.29092675554596,10.587723322718196,0.9976516069848945,0.030631912447378486,0.37646090648138186,Sauvadel
2.4285528507644774,15.018844088851463,0.9978476380785432,0.03016801869608113,0.3865794594841237,Sauvadel
1.6284181768052735,4.6465899691706145,0.9967638839600759,0.04290850794415716,0.4429142896283548,Sauvadel
1.8416452599388375,6.2782935779816516,0.9968511854381422,0.03731809982551196,0.4191785846129576,Sauvadel
2.804273562668671,16.995143419988842,0.9967415012500218,0.032087627059444346,0.350021647942051,Sauvadel
2.8887125220458554,18.613537918871252,0.9969969388056444,0.033070761516360264,0.3405520803622758,Sauvadel
3.232161445860077,23.473129610115915,0.9960245740024383,0.04391209795328178,0.3234011224941212,Sauvadel
2.113460196883963,8.040080872283802,0.9975393151550668,0.03410135462229953,0.3773464836908843,Sauvadel
1.9756713551438183,7.586579557943583,0.9985814804208593,0.034747699673689056,0.4060598176848841,Sauvadel
3.9754937379576107,30.20598506743738,0.9918621970830613,0.0210973144035313,0.24925283549357619,Sauvadel
3.746652767612246,27.117483975425287,0.9902588120252439,0.02396860973583867,0.26275472224556495,Sauvadel
3.066474851815166,17.68311243180353,0.9937257931134621,0.027515737658529337,0.2965335399148192,Sauvadel
1.9433854675790163,6.911290322580645,0.9972808911496313,0.03551717069375638,0.4019440770160982,Sauvadel
2.28,9.687723112128145,0.9970472798536242,0.03208107229933832,0.36426583416293923,Sauvadel
2.593780226002028,13.036866875840428,0.993837002881789,0.03346243043484639,0.33632342982304797,Sauvadel
2.1221748307097004,23.75131914519392,0.9932737111287704,0.05699653414557855,0.42679069849152945,Sauvadel
2.178415933302455,9.335099583140343,0.9972157269697045,0.032857242882957154,0.37324784823742235,Sauvadel
1.9902699007764855,7.019289307571534,0.9926186062258977,0.04340805829157707,0.3884663048376763,Sauvadel
2.853966969465562,15.639576233516076,0.9963705869777331,0.026161369188483427,0.3202764518162623,Sauvadel
2.6062704669496664,12.623541540327471,0.9969898480718262,0.02669947245982667,0.33154556708608957,Sauvadel
1.8949002217294897,6.405801415423868,0.9970695295517635,0.038772773330217614,0.4043518757923992,Sauvadel
1.6366346039662751,4.73247832798955,0.9972245460100501,0.0397831976642074,0.4409446900069283,Sauvadel
1.9914778554778554,7.554455322455323,0.9970957411975235,0.04046117220683567,0.40440299139505037,Sauvadel
2.3681571365248226,12.012494459219859,0.9968511362522977,0.03199253195144126,0.3652286842128535,Sauvadel
2.761689644402802,21.51499129969214,0.995245299900248,0.03192384431867125,0.3467386368187511,Sauvadel
2.401815829877776,17.474557829708523,0.9954221314373272,0.03531579135432559,0.3793730152508406,Sauvadel
2.913417572152023,30.371650523624563,0.9923591562183709,0.046483155960128,0.35064886705035425,Sauvadel
3.121831443634,19.32778459834862,0.9951459885531452,0.025231971704567556,0.3034077028622223,Sauvadel
2.173350245758681,7.858132234025685,0.9905187831312532,0.03994841595261727,0.3567493826880586,Sauvadel
2.1875939557306516,8.033610232751025,0.9909002351023919,0.04542036034483024,0.3562403124705621,Sauvadel
2.284066623924774,8.65736362664957,0.9856964033446939,0.04603896296414006,0.344239465299394,Sauvadel
2.914743239800561,17.136703424682462,0.9966624697723321,0.02591541101881637,0.3276916824913353,Sauvadel
2.7883154262831398,16.631412720262677,0.9967807509300506,0.028796246823461744,0.3353020930812188,Sauvadel
2.4156806745546033,10.84780966196715,0.9963242782282902,0.03559705752411328,0.35233369727103986,Sauvadel
2.5405254611316983,13.08945330390973,0.9948145180334146,0.0327459903556825,0.34559677285382845,Sauvadel
2.2148288845332633,8.607495268308782,0.9917609114698048,0.03941228499022619,0.3616583090906459,Sauvadel
2.1442886805349564,7.867112033944209,0.9947175981562414,0.03684668073116452,0.366475222085778,Sauvadel
2.145316015948837,8.506186096087797,0.9968959216485672,0.041232318815065803,0.37370701356225067,Sauvadel
2.044132553606238,7.670396361273554,0.9978300915375965,0.0355378875518582,0.3909584969712048,Sauvadel
2.4181650246305417,11.300513136288997,0.9960764847491785,0.03372141543643782,0.3548132319055147,Sauvadel
2.1329809859533673,8.559855866779444,0.9971896156001425,0.034455847756470544,0.3835704225251264,Sauvadel
2.7825184050385126,14.364270820034895,0.9908386879692924,0.03153645537591834,0.31559290846810734,Sauvadel
3.1857715235023942,18.52443520517399,0.9918760806118374,0.02572405803454986,0.2835708393983946,Sauvadel
2.290092649628522,9.267854224546497,0.9949600831680043,0.031016882998654554,0.3561534289387659,Sauvadel
2.090561030259523,8.67081076377559,0.9953719194500306,0.034040172245663074,0.3768611494722321,Sauvadel
2.239107849712655,11.098407438092607,0.9978549747912668,0.035707332382560165,0.3865265269050072,Sauvadel
2.3730070251809385,10.060749234662282,0.9976530959702326,0.028187299725771733,0.3483044362265457,Sauvadel
2.2843276774311256,9.26794380587484,0.997311697457635,0.03065713359461813,0.35447707777019083,Sauvadel
2.214538876381556,10.21347276016355,0.9976219211702437,0.037990012420320796,0.38708787193597904,Sauvadel
2.725235517237498,13.316037682758001,0.9929139222903112,0.03139675415257422,0.3163524060665976,Sauvadel
2.934248436306003,16.31679732827668,0.9962328094370055,0.02527917007294562,0.31233350430694834,Sauvadel
2.548009531819457,12.558802915615367,0.9966812054283137,0.029627810923021365,0.34766935399339094,Sauvadel
2.544312771320544,11.871420319283013,0.9960052146398057,0.031112607074194054,0.33687759842443454,Sauvadel
2.1060634360623984,8.368192037632737,0.9960355662781664,0.03656375780165021,0.37695753141717847,Sauvadel
2.233037221001688,8.572149520807463,0.9946509112284294,0.03655808434714042,0.3563451967101582,Sauvadel
3.0052062163777644,18.818117154811716,0.9958574370493899,0.025862884878860046,0.3199936282397321,Sauvadel
2.782004913334243,14.286249488194349,0.9962435091130207,0.026781679861096495,0.31742704083019074,Sauvadel
2.237997543556385,10.435786744302414,0.9983001791676849,0.031789106596510595,0.39039671823584027,Sauvadel
2.3819205505161096,9.536753206130747,0.9905399763147179,0.0413070392403034,0.33552276426838934,Sauvadel
2.228935999073775,8.963858945687875,0.9977791097211672,0.033110889189125026,0.36809321545337365,Sauvadel
1.7968758169934635,5.580209150326797,0.9960023256198562,0.045091190632777105,0.4128579041221929,Sauvadel
2.0633243742911747,7.1447325492876805,0.994399221495391,0.03842037293582072,0.37149479902346844,Sauvadel
2.4374168656704813,12.783924640431874,0.9956209038386338,0.035122888953673465,0.36638302388717875,Sauvadel
2.2711131198347108,9.559996269513315,0.9959488264968479,0.036928170027245605,0.3624493715549912,Sauvadel
2.7355300187617257,14.258231707317073,0.9960154668767198,0.02633947261573949,0.32934831302287354,Sauvadel
2.6088943661971835,12.766978873239436,0.9954031593789545,0.028516679361127586,0.33069141375321415,Sauvadel
2.006746373346086,7.005758010521283,0.9969972257909537,0.034267152997319965,0.3864378776347696,Sauvadel
2.0179218701081854,7.643301909764499,0.9969767630858238,0.033719628331670956,0.39818309515887806,Sauvadel
2.1527698863636364,12.402485795454547,0.9960327906326781,0.03846814720919137,0.4005341765156829,Sauvadel
2.3161079133783264,12.965816653484438,0.9965338985757861,0.03405960830456574,0.3783637755600397,Sauvadel
2.089129743481026,9.603980284078864,0.9975001757520622,0.035115461401144014,0.39484644998873925,Sauvadel
2.1376487263787523,8.736612420380292,0.9978358971181344,0.036527230785084214,0.3859313433035394,Sauvadel
2.498263706847101,12.001603681064843,0.9968145926768014,0.029570048177097335,0.35044616716064625,Sauvadel
1.8898203474631048,6.759672174826935,0.9975012161025218,0.03501241250311233,0.41403197039473033,Sauvadel
2.0207646834793263,7.851942618381325,0.9976397155470668,0.036002333063860775,0.3979805840649306,Sauvadel
2.2446000910385737,10.227616012999917,0.9975175254599744,0.033964416374083456,0.3829590384994373,Sauvadel
2.8224279724996357,15.814909060250935,0.9962206624926047,0.027646794562182914,0.3239397887482683,Sauvadel
3.089991450398522,21.30244904713313,0.9952535973992587,0.028655252007708857,0.31894375612341586,Sauvadel
2.98179856684746,16.369185240904233,0.9935484962367502,0.0292692945191193,0.29951099390548713,Sauvadel
1.861456876724053,5.935530950798128,0.9958997812076109,0.04146176455916132,0.40250344357959816,Sauvadel
