1.39816575e-05,29313.723,121461.76,11252.222,0.00026669688,44.594517,17.307938,2686055.8,2.0052216,52807.51,2.4891114,131674.0,4.999962,574.9956,Glaucoma
1.6744383e-05,25132.209,70978.84,9669.972,0.00030425866,42.321735,17.002277,2207991.8,2.0037248,46095.69,2.4883504,115024.0,4.9999566,537.4953,Glaucoma
1.6973261e-05,19074.5,131931.38,7627.961,0.00028124492,34.029488,16.852932,2160371.2,2.0011537,29086.77,2.4853458,72674.0,4.9999313,427.4941,Glaucoma
1.9221094e-05,16473.27,179842.27,6660.436,0.00029501287,31.380146,16.66952,1701566.4,2.0017037,27745.617,2.4849942,69304.0,4.999928,417.494,Glaucoma
1.3678643e-05,30612.104,222115.3,11111.385,0.00041737605,54.39235,17.37044,8248846.0,2.0023906,15768.826,2.4800956,39374.0,4.999873,314.992,Glaucoma
1.38193045e-05,25579.156,69820.305,10022.945,0.00025109667,39.802864,17.07578,2354513.5,2.009516,47969.16,2.4885635,119354.0,4.999958,547.4954,Glaucoma
1.4466977e-05,28435.65,87300.1,10896.772,0.0002761156,44.47607,17.186687,2888193.0,2.0060608,45720.133,2.488296,113954.0,4.999956,534.9953,Glaucoma
1.0951047e-05,28914.729,158080.4,11353.489,0.00020704806,40.843353,17.430885,3633106.0,2.0007718,40617.668,2.4875994,101504.0,4.999951,504.99503,Glaucoma
1.5713134e-05,21389.941,112480.96,8505.101,0.0002546112,35.867657,16.957323,1864236.2,2.0062592,42775.453,2.4878993,106604.0,4.9999533,517.4951,Glaucoma
1.4452561e-05,22547.871,129482.305,8975.632,0.00023634132,36.223152,17.045568,2138682.2,2.0024054,41870.3,2.487781,104549.0,4.9999523,512.4951,Glaucoma
1.4478671e-05,25981.666,215415.64,9935.258,0.00030920882,43.663994,17.241365,4000377.0,2.00028,26735.74,2.4847188,66829.0,4.999925,409.99387,Glaucoma
1.8721848e-05,19438.777,121383.164,7732.2593,0.0002886824,34.902187,16.818192,1424009.6,2.0005448,45168.3,2.488241,112889.0,4.9999557,532.4953,Glaucoma
1.817646e-05,19252.906,95112.21,7678.912,0.0002832923,34.46054,16.78968,1448097.5,2.0017169,43927.676,2.4880726,109724.0,4.999954,524.99524,Glaucoma
1.2964047e-05,29133.688,119423.484,11194.081,0.00025948856,44.35986,17.354984,3439968.8,2.0003529,40609.164,2.4875994,101504.0,4.999951,504.99503,Glaucoma
1.119852e-05,32837.543,155939.6,12549.056,0.0002344078,46.80435,17.54777,4825783.5,2.0048628,37146.098,2.4870198,92639.0,4.999946,482.49478,Glaucoma
1.6473386e-05,22576.25,111184.13,8717.049,0.0003252459,40.54353,16.996084,2725013.2,2.001562,29779.242,2.4855158,74389.0,4.999933,432.49417,Glaucoma
1.6741173e-05,22329.71,136206.33,8593.888,0.0003397979,40.87886,16.984215,3201102.5,2.4996524,38494.65,2.485763,76999.0,4.999935,439.9943,Glaucoma
1.6397185e-05,21747.795,78895.76,8571.836,0.00028139635,37.241024,16.914263,2135494.0,2.0029168,37496.61,2.4870868,93604.0,4.9999466,484.9948,Glaucoma
1.7220229e-05,24240.938,117139.766,9358.645,0.0003057632,41.38981,17.075289,2244259.5,2.001477,42261.188,2.4878404,105574.0,4.999953,514.9951,Glaucoma
2.2904604e-05,16850.041,97798.76,6712.1904,0.0003353245,33.39762,16.575758,1116852.6,2.0011115,42253.47,2.4878404,105574.0,4.999953,514.9951,Glaucoma
1.9532274e-05,18603.72,102067.69,7395.6313,0.00030226784,34.567886,16.743723,1393037.2,2.000555,41831.605,2.487781,104549.0,4.9999523,512.4951,Glaucoma
8.602182e-06,30339.285,185040.0,12116.969,0.00016302551,38.694374,17.562414,4230392.0,2.0013263,41033.195,2.4876604,102514.0,4.9999514,507.49506,Glaucoma
9.724387e-06,31835.719,147951.7,12483.126,0.00019062922,42.156506,17.557615,4020192.2,2.0027552,45218.207,2.488241,112889.0,4.9999557,532.4953,Glaucoma
1.5025052e-05,26391.012,113872.66,10140.319,0.00028883046,43.126244,17.180967,3169964.0,2.1931374,42772.758,2.4873483,97514.0,4.9999485,494.99493,Glaucoma
1.1473976e-05,30366.932,69278.08,11811.574,0.00022329902,42.908306,17.2578,3215956.0,2.0004127,49516.22,2.488769,123764.0,4.9999595,557.4955,Glaucoma
1.4306656e-05,27543.174,60731.652,10623.043,0.00026665675,43.067966,17.061045,2618904.8,2.000818,47761.527,2.4885635,119354.0,4.999958,547.4954,Glaucoma
1.504141e-05,25472.441,136412.58,9881.394,0.0002769594,41.255882,17.18796,3741498.5,2.959926,63721.285,2.4879577,107639.0,4.9999537,519.9952,Glaucoma
2.0308893e-05,20260.963,59606.055,7852.518,0.0003650507,38.80126,16.713806,1803546.1,2.003925,35980.477,2.4868145,89774.0,4.999944,474.99472,Glaucoma
2.0956106e-05,21556.848,74325.4,8283.389,0.0003618081,40.689205,16.783588,1674159.6,2.000895,43075.27,2.4879577,107639.0,4.9999537,519.9952,Glaucoma
1.756162e-05,23482.832,97937.54,9119.416,0.00029678672,40.166397,16.99653,1975898.4,2.000813,45600.53,2.488296,113954.0,4.999956,534.9953,Glaucoma
1.7957918e-05,21251.383,91281.4,8357.764,0.00028866009,37.30831,16.866327,1784403.4,2.0004416,42239.324,2.4878404,105574.0,4.999953,514.9951,Glaucoma
1.3763802e-05,25958.607,95843.234,10132.975,0.00025143387,40.536255,17.156181,2678660.2,2.001653,42677.242,2.4878993,106604.0,4.9999533,517.4951,Glaucoma
1.4041883e-05,24778.965,102358.125,9727.271,0.00025372242,39.1852,17.095121,2348935.0,2.001889,44774.25,2.4881854,111829.0,4.999955,529.99524,Glaucoma
1.5517127e-05,34745.848,129239.74,12771.156,0.0003262938,54.359272,17.444777,3611953.2,2.0061939,49659.32,2.488769,123764.0,4.9999595,557.4955,Glaucoma
1.7060862e-05,25275.537,68943.87,9619.44,0.00033411355,44.034546,16.965517,2490591.5,2.000395,39807.86,2.487475,99499.0,4.99995,499.99496,Glaucoma
1.8525567e-05,27591.56,90879.54,10280.94,0.00037720945,48.50278,17.068518,2712397.2,2.0012705,41438.31,2.487721,103529.0,4.999952,509.9951,Glaucoma
1.6464044e-05,30791.795,150508.58,11483.318,0.00032238688,49.97937,17.341002,3117579.8,2.003125,46081.887,2.4883504,115024.0,4.9999566,537.4953,Glaucoma
1.2158178e-05,26811.447,176891.39,10427.258,0.00025343747,41.465485,17.332758,4819836.5,2.0005195,25128.523,2.4842372,62804.0,4.9999204,397.49368,Glaucoma
1.5661939e-05,24705.277,162720.94,9584.805,0.00028444323,40.88711,17.160845,2477614.8,2.0053694,40711.004,2.4875994,101504.0,4.999951,504.99503,Glaucoma
1.6847425e-05,23794.46,78339.16,9236.159,0.00029824537,40.382854,16.957409,2049720.8,2.0004356,45165.836,2.488241,112889.0,4.9999557,532.4953,Glaucoma
1.1599133e-05,35246.62,197423.56,13123.385,0.00029084084,52.31798,17.620705,6151741.5,2.0002465,31155.84,2.485844,77879.0,4.9999356,442.49432,Sauvadel
1.170174e-05,31519.545,205266.6,12003.232,0.00026201908,46.839165,17.50903,5118335.0,2.0002666,31510.2,2.4859235,78764.0,4.9999366,444.99435,Sauvadel
1.6738957e-05,19628.648,144380.64,7735.2197,0.00030138783,36.23033,16.885635,2741374.5,2.002559,23285.754,2.4836173,58139.0,4.999914,382.4934,Sauvadel
1.9338666e-05,15237.845,120452.93,6246.866,0.0002711032,29.124914,16.576666,1237651.1,2.0045452,33748.523,2.4863834,84179.0,4.9999404,459.99454,Sauvadel
1.595776e-05,19204.152,137312.23,7755.9126,0.00024118517,32.812145,16.892162,1724716.5,2.0021877,38261.81,2.4872189,95549.0,4.9999475,489.99487,Sauvadel
1.8846446e-05,19068.168,89193.18,7567.7046,0.00029596876,35.01611,16.776262,1478749.2,2.002784,41469.645,2.487721,103529.0,4.999952,509.9951,Sauvadel
1.8102875e-05,18340.346,160960.12,7340.871,0.00028095505,33.560486,16.803947,1680742.9,2.0034769,34469.816,2.4865303,86024.0,4.999942,464.9946,Sauvadel
1.5494705e-05,17921.836,132294.28,7190.062,0.00028494638,33.05984,16.781803,2649126.8,2.0004728,20884.936,2.482711,52199.0,4.999904,362.49304,Sauvadel
1.255112e-05,31988.838,194365.19,12076.061,0.00028457804,48.500065,17.513735,4758144.5,2.0005322,34049.06,2.4864573,85099.0,4.9999413,462.49457,Sauvadel
1.0681913e-05,30110.27,295155.7,11552.906,0.00025375246,45.00752,17.509525,8880570.0,2.8648374,35082.797,2.484036,61229.0,4.9999185,392.4936,Sauvadel
1.6029977e-05,21298.531,157193.5,8465.181,0.00025534636,35.883896,17.008677,1950685.6,2.0004623,40209.293,2.4875374,100499.0,4.9999504,502.495,Sauvadel
1.6422824e-05,20279.193,189133.81,8111.289,0.0002532486,34.565453,16.953995,1720030.0,2.0015485,41852.383,2.487781,104549.0,4.9999523,512.4951,Sauvadel
1.5895223e-05,24233.072,120453.91,9369.578,0.0003024616,41.166653,17.069479,2514417.8,2.000402,37837.605,2.4871533,94574.0,4.999947,487.49484,Sauvadel
1.1904674e-05,32702.07,156499.73,12308.796,0.00027837895,49.3158,17.498892,5183940.0,2.006827,32691.215,2.4861574,81449.0,4.9999385,452.49445,Sauvadel
1.21010935e-05,28485.436,201156.6,11059.593,0.000237542,42.43672,17.397245,3634888.2,2.1216867,42645.902,2.4875374,100499.0,4.9999504,502.495,Sauvadel
1.8939205e-05,20356.547,97294.75,7967.8013,0.00032160297,37.512566,16.844814,1730405.2,2.0009594,39024.707,2.4873483,97514.0,4.9999485,494.99493,Sauvadel
1.7944514e-05,17376.445,129557.99,7017.8477,0.00026792326,31.960232,16.73651,1503005.0,2.0005875,35166.324,2.4866738,87889.0,4.9999433,469.99466,Sauvadel
1.3989891e-05,23070.963,202803.12,9137.534,0.00023632833,37.1611,17.139395,2469260.2,2.001363,37467.52,2.4870868,93604.0,4.9999466,484.9948,Sauvadel
1.4073114e-05,20445.621,151199.67,8229.053,0.00022618582,33.809296,16.989548,2082664.6,2.0017247,35940.965,2.4868145,89774.0,4.999944,474.99472,Sauvadel
1.6537531e-05,26818.568,180768.38,10182.34,0.00032379662,45.168716,17.22612,4663980.5,3.565531,78245.58,2.4880726,109724.0,4.999954,524.99524,Sauvadel
1.3375451e-05,26991.42,172680.4,10467.696,0.00025843526,41.97535,17.299376,3028938.0,2.0007796,40215.67,2.4875374,100499.0,4.9999504,502.495,Sauvadel
1.49573125e-05,30492.092,121251.02,11519.052,0.00029024106,47.710217,17.293583,3861412.8,2.7553709,72562.69,2.4891114,131674.0,4.999962,574.9956,Sauvadel
1.4031744e-05,31327.354,140673.67,11868.062,0.00027791038,47.619694,17.38711,3133824.8,2.0013797,49986.457,2.4888194,124879.0,4.99996,559.99554,Sauvadel
1.5353666e-05,21903.045,169515.62,8612.666,0.00027846955,37.642334,17.040323,2768784.2,2.0003674,29075.34,2.4853458,72674.0,4.9999313,427.4941,Sauvadel
1.3124922e-05,29191.797,146908.05,11146.797,0.00027801513,45.380867,17.35694,3869606.8,2.0006366,35543.312,2.4867444,88829.0,4.9999437,472.4947,Sauvadel
1.2878188e-05,28546.715,195651.0,10973.103,0.00026547292,44.037926,17.37133,4536671.0,2.7011604,54293.324,2.4875374,100499.0,4.9999504,502.495,Sauvadel
1.1782626e-05,32003.96,198572.19,12229.966,0.00025261246,46.468285,17.496635,4074771.8,2.001658,41446.332,2.487721,103529.0,4.999952,509.9951,Sauvadel
1.6642718e-05,19513.918,164566.28,7784.4526,0.00027237035,34.56129,16.881626,2079334.4,2.001754,31533.63,2.4859235,78764.0,4.9999366,444.99435,Sauvadel
1.587456e-05,28462.66,174254.17,10784.731,0.00031311865,46.279186,17.31023,3389749.8,2.4199216,55152.434,2.488296,113954.0,4.999956,534.9953,Sauvadel
1.5444368e-05,27064.26,190975.14,10347.695,0.00029769613,44.203156,17.2626,2938982.5,2.0012984,39825.84,2.487475,99499.0,4.99995,499.99496,Sauvadel
1.5806241e-05,24651.312,193345.86,9519.036,0.000297714,41.557,17.187223,2955880.0,2.0024385,33346.61,2.486309,83264.0,4.99994,457.4945,Sauvadel
2.0562264e-05,19423.43,87324.02,7633.21,0.0003298328,36.49167,16.733866,1303647.1,2.0005817,47319.76,2.488511,118264.0,4.9999576,544.99536,Sauvadel
1.4931917e-05,21688.771,180095.73,8414.208,0.00032856944,39.418705,16.99353,3240963.0,2.0008645,23266.053,2.4836173,58139.0,4.999914,382.4934,Sauvadel
1.6206586e-05,21296.885,160726.11,8284.111,0.00032475556,38.848396,16.967655,2911998.0,2.004195,25174.693,2.4842372,62804.0,4.9999204,397.49368,Sauvadel
1.6770364e-05,18683.67,168592.95,7494.4365,0.000276057,33.450024,16.835712,2012964.2,2.000455,30108.848,2.485599,75254.0,4.9999337,434.99423,Sauvadel
1.9290801e-05,16704.455,130690.445,6715.7856,0.00029978415,32.187073,16.65436,1404769.5,2.0055554,34134.555,2.4864573,85099.0,4.9999413,462.49457,Sauvadel
1.8149782e-05,18329.412,100593.85,7369.127,0.00026648882,32.989475,16.764046,1335044.4,2.0025182,43945.258,2.4880726,109724.0,4.999954,524.99524,Sauvadel
1.6698481e-05,24750.186,130748.08,9548.493,0.00030629677,41.73971,17.104412,2170329.2,2.0004213,45591.6,2.488296,113954.0,4.999956,534.9953,Sauvadel
1.2272178e-05,35434.36,214118.12,13255.384,0.00028353505,51.572624,17.617046,5046286.0,2.0004814,39015.39,2.4873483,97514.0,4.9999485,494.99493,Sauvadel
1.4923546e-05,22886.174,135455.2,8977.583,0.00026990232,38.442085,17.078568,2529198.0,2.0008678,34797.09,2.4866023,86954.0,4.9999423,467.49463,Sauvadel
1.0501175e-05,27050.0,190671.67,10779.897,0.00018693479,37.86291,17.385029,3330984.5,2.001806,40236.3,2.4875374,100499.0,4.9999504,502.495,Sauvadel
1.5197243e-05,24732.25,188044.56,9593.529,0.00028134888,40.92649,17.16859,4030374.5,3.5827615,81654.72,2.488296,113954.0,4.999956,534.9953,Sauvadel
1.4171144e-05,26762.258,136157.83,10373.302,0.00026692086,41.95644,17.208212,2642959.5,2.0016236,45192.66,2.488241,112889.0,4.9999557,532.4953,Sauvadel
1.5794249e-05,26342.74,171840.9,10122.134,0.00029735136,43.09824,17.172577,2349619.5,2.0037694,47831.977,2.4885635,119354.0,4.999958,547.4954,Sauvadel
1.6909387e-05,21002.219,168016.1,8230.133,0.0003022969,37.67974,16.966295,2496363.0,2.0007255,29080.545,2.4853458,72674.0,4.9999313,427.4941,Sauvadel
1.629223e-05,22541.27,147369.08,8568.776,0.0003848331,42.75922,16.98615,3895155.2,2.003555,19775.088,2.4822192,49349.0,4.999899,352.49286,Sauvadel
1.5755126e-05,24253.451,146282.84,9233.752,0.00035314716,43.456142,17.094044,3562492.5,2.0003302,25444.201,2.484336,63599.0,4.9999213,399.9937,Sauvadel
1.4246787e-05,25889.93,146793.86,9742.23,0.0003639322,46.07522,17.178728,4517472.0,2.0044851,22400.121,2.483289,55874.0,4.9999104,374.9933,Sauvadel
1.272352e-05,33228.05,188003.58,12534.464,0.00027164898,49.16978,17.531359,4371437.5,2.0018597,40237.38,2.4875374,100499.0,4.9999504,502.495,Sauvadel
1.3223365e-05,32744.893,263516.28,12290.831,0.00029292874,49.80506,17.515661,4384845.5,2.042758,39839.91,2.4873483,97514.0,4.9999485,494.99493,Sauvadel
1.1194113e-05,27197.836,273548.38,10612.72,0.00023940216,41.1216,17.397272,5502910.0,2.0002706,22955.105,2.4835093,57379.0,4.9999127,379.99338,Sauvadel
1.6717084e-05,19316.635,149117.4,7646.0654,0.00029970775,35.487106,16.858627,2452815.2,2.0008194,25450.422,2.484336,63599.0,4.9999213,399.9937,Sauvadel
1.5362604e-05,25405.86,122251.97,9761.011,0.00030418517,42.67213,17.151558,3039305.2,2.002026,34074.484,2.4864573,85099.0,4.9999413,462.49457,Sauvadel
1.2262206e-05,29616.947,274406.88,11475.0205,0.00023286702,43.23282,17.450476,3893981.0,2.0008428,38236.105,2.4872189,95549.0,4.9999475,489.99487,Sauvadel
1.4110957e-05,22823.459,189183.84,9047.166,0.00024726207,36.9333,17.126442,2574755.2,2.0008545,35171.02,2.4866738,87889.0,4.9999433,469.99466,Sauvadel
1.1952907e-05,25407.402,220936.23,10079.889,0.00021308646,37.895676,17.310638,3607218.2,2.0013454,31883.436,2.4860022,79654.0,4.999937,447.4944,Sauvadel
1.6322096e-05,19879.168,121059.414,7946.8315,0.00026155374,34.456112,16.899916,1853887.1,2.001013,37074.77,2.4870198,92639.0,4.999946,482.49478,Sauvadel
1.5073299e-05,21804.035,159861.98,8670.871,0.00024998837,36.035725,17.026228,2008572.8,2.0117953,41656.234,2.487721,103529.0,4.999952,509.9951,Sauvadel
1.4505941e-05,21157.156,167620.69,8481.258,0.00023673032,34.65798,17.007683,2150865.2,2.0054128,37156.285,2.4870198,92639.0,4.999946,482.49478,Sauvadel
1.596491e-05,22301.928,167568.64,8774.65,0.00027639137,37.747643,17.036856,2089758.6,2.002761,40255.496,2.4875374,100499.0,4.9999504,502.495,Sauvadel
1.5218826e-05,26320.557,198536.19,10122.044,0.00029206875,42.960564,17.241465,4554843.5,3.4580755,75164.73,2.4880154,108679.0,4.999954,522.4952,Sauvadel
1.3741924e-05,27093.236,205336.1,10474.185,0.0002663648,42.50382,17.309912,3316563.5,2.002592,36719.527,2.486952,91679.0,4.9999456,479.99475,Sauvadel
1.4017098e-05,21921.445,244329.36,8622.731,0.00028636277,37.60531,17.075823,4332349.0,2.0002565,18634.39,2.4816985,46579.0,4.9998927,342.49265,Sauvadel
1.3094648e-05,22368.178,259221.94,8830.992,0.0002682626,37.296703,17.113592,4266380.5,2.0003083,20025.086,2.4823449,50054.0,4.9999003,354.99292,Sauvadel
1.3100696e-05,22380.668,248417.28,8947.477,0.00022477028,35.553123,17.13887,3108735.2,2.0037584,28783.992,2.4852595,71824.0,4.9999304,424.99408,Sauvadel
1.21796365e-05,27565.355,226906.77,10668.202,0.0002555725,42.544155,17.362715,4356825.5,2.0006216,29079.035,2.4853458,72674.0,4.9999313,427.4941,Sauvadel
1.6530938e-05,25348.998,159832.17,9703.113,0.0003206745,43.20292,17.172453,2780215.0,2.2784512,47642.414,2.487781,104549.0,4.9999523,512.4951,Sauvadel
1.5535452e-05,23798.498,194883.22,9251.802,0.0002927011,40.16341,17.122978,2629015.8,2.0084462,35682.06,2.4867444,88829.0,4.9999437,472.4947,Sauvadel
1.6737114e-05,23425.072,188232.47,8880.878,0.00036240133,43.634415,17.05674,3859185.5,2.0002751,21464.951,2.4829469,53654.0,4.999907,367.49316,Sauvadel
1.3073478e-05,22829.521,266153.03,9038.462,0.0002529827,37.109005,17.152798,3502074.8,2.0010996,25774.162,2.4844334,64399.0,4.9999223,402.49374,Sauvadel
1.8396788e-05,22262.629,153173.78,8513.9795,0.00037294344,41.744736,16.977314,2562109.0,2.0021822,29788.467,2.4855158,74389.0,4.999933,432.49417,Sauvadel
1.3013574e-05,29468.197,175085.31,11321.673,0.00025311127,44.517464,17.41785,3745956.5,2.0002933,38225.6,2.4872189,95549.0,4.9999475,489.99487,Sauvadel
1.0784058e-05,33681.58,204505.38,12904.578,0.00022458908,46.710365,17.632841,5537911.0,2.0041227,34480.93,2.4865303,86024.0,4.999942,464.9946,Sauvadel
1.48124755e-05,20836.69,170845.78,8349.952,0.00023760751,34.56363,17.01101,2010953.4,2.002107,38260.26,2.4872189,95549.0,4.9999475,489.99487,Sauvadel
1.4486485e-05,20409.336,176766.61,8238.668,0.00022281955,33.40304,16.995705,2008727.9,2.0010486,37461.63,2.4870868,93604.0,4.9999466,484.9948,Sauvadel
1.4009573e-05,29521.137,159593.67,11200.908,0.000291868,46.55616,17.346975,3651785.8,2.0021367,37870.418,2.4871533,94574.0,4.999947,487.49484,Sauvadel
1.1617923e-05,31586.188,200983.45,12090.984,0.0002495838,46.01043,17.516972,4686735.5,2.0005603,35165.85,2.4866738,87889.0,4.9999433,469.99466,Sauvadel
1.6000267e-05,20534.086,188743.28,8167.204,0.00026775963,35.43494,16.975874,2085214.6,2.0004623,34790.04,2.4866023,86954.0,4.9999423,467.49463,Sauvadel
1.7158318e-05,22636.834,146336.11,8857.271,0.00029360692,38.68514,16.994043,1833454.5,2.0004694,46450.9,2.4884045,116099.0,4.999957,539.99536,Sauvadel
1.4149066e-05,23552.229,184789.2,9292.923,0.00025273536,37.910408,17.130302,2329010.5,2.0004823,41015.887,2.4876604,102514.0,4.9999514,507.49506,Sauvadel
1.3632837e-05,23254.25,159089.17,9242.092,0.0002338268,36.74956,17.150782,2366826.8,2.000962,40219.336,2.4875374,100499.0,4.9999504,502.495,Sauvadel
1.6218548e-05,16231.933,192948.67,6648.4443,0.00023717883,29.705679,16.699577,1947587.9,2.0016682,24512.43,2.484036,61229.0,4.9999185,392.4936,Sauvadel
1.767188e-05,16364.875,104133.15,6657.462,0.00026312325,30.583376,16.658438,1542507.9,2.0037148,30857.209,2.485763,76999.0,4.999935,439.9943,Sauvadel
1.6581964e-05,19194.65,157816.75,7699.9873,0.00025239884,33.681095,16.891047,1735881.4,2.0005424,37066.05,2.4870198,92639.0,4.999946,482.49478,Sauvadel
1.5892063e-05,25058.986,146905.67,9603.949,0.0003195534,42.875122,17.142221,2877111.5,2.0958471,38029.145,2.4868836,90724.0,4.9999447,477.49475,Sauvadel
1.3660149e-05,27931.777,207617.56,10748.954,0.00027334434,43.58755,17.333454,3962005.8,2.5928118,54747.22,2.4878404,105574.0,4.999953,514.9951,Sauvadel
1.5427318e-05,22170.994,190410.4,8755.35,0.00026359424,37.171482,17.06525,2410642.0,2.0003922,34788.82,2.4866023,86954.0,4.9999423,467.49463,Sauvadel
1.47024975e-05,21905.07,192629.11,8683.965,0.00025634965,36.511242,17.069569,2483792.0,2.0008605,33320.33,2.486309,83264.0,4.99994,457.4945,Sauvadel
1.3641851e-05,20174.494,236709.22,8174.0713,0.00020744978,32.81484,17.019478,2615565.0,2.001747,28416.8,2.485172,70979.0,4.9999294,422.49405,Sauvadel
1.4722252e-05,19419.582,189494.16,7894.3643,0.00021861875,32.062397,16.93071,1805535.0,2.0005767,38231.023,2.4872189,95549.0,4.9999475,489.99487,Sauvadel
1.4305973e-05,25086.115,193910.64,9590.354,0.0003269291,43.26318,17.181957,4198486.0,2.0003054,23565.598,2.483724,58904.0,4.999915,384.99347,Sauvadel
1.4671607e-05,23575.61,175724.9,9251.086,0.00027152695,38.710793,17.110966,2645070.2,2.0003934,35538.99,2.4867444,88829.0,4.9999437,472.4947,Sauvadel
1.2266302e-05,25200.686,188869.03,9982.941,0.000220354,38.03167,17.26733,3194911.5,2.0011609,35176.406,2.4866738,87889.0,4.9999433,469.99466,Sauvadel
1.5215086e-05,27143.582,203753.75,10266.85,0.00032416903,45.917007,17.252161,6916971.5,4.0465217,69620.4,2.4865303,86024.0,4.999942,464.9946,Sauvadel
1.3094275e-05,31781.65,245991.58,11987.142,0.00028728507,48.557335,17.493246,4577512.5,2.0004973,34790.65,2.4866023,86954.0,4.9999423,467.49463,Sauvadel
1.6861653e-05,17614.986,163298.72,7181.5156,0.00023832038,30.905127,16.779171,1412288.5,2.0006335,39812.61,2.487475,99499.0,4.99995,499.99496,Sauvadel
1.777175e-05,15146.512,140368.3,6272.175,0.00023502344,27.921179,16.600565,1247886.8,2.0007198,34052.25,2.4864573,85099.0,4.9999413,462.49457,Sauvadel
1.5265636e-05,20692.33,181156.89,8284.52,0.0002386661,34.622555,17.001926,2077717.2,2.00047,36298.527,2.4868836,90724.0,4.9999447,477.49475,Sauvadel
1.4044582e-05,25598.389,213761.75,9929.89,0.00026981943,41.318565,17.237371,3366836.2,2.1768713,38265.043,2.4866738,87889.0,4.9999433,469.99466,Sauvadel
1.398854e-05,22656.957,161806.6,9015.575,0.00022968563,36.32413,17.108845,2486344.8,2.0012946,36313.492,2.4868836,90724.0,4.9999447,477.49475,Sauvadel
1.3590758e-05,26693.578,273694.8,10362.752,0.00025827097,41.689087,17.322542,7361567.5,4.80713,97589.54,2.4875994,101504.0,4.999951,504.99503,Sauvadel
1.2992175e-05,29810.352,258405.53,11366.767,0.000273023,45.88605,17.465841,4173724.2,2.0678704,36737.785,2.4867444,88829.0,4.9999437,472.4947,Sauvadel
1.1802896e-05,27479.533,282036.56,10566.912,0.00027392458,43.50351,17.355055,5818466.0,2.000521,21175.516,2.4828298,52924.0,4.9999056,364.9931,Sauvadel
1.2216902e-05,26477.604,226388.56,10317.126,0.0002482972,41.030354,17.320438,4224624.0,2.0003152,28060.42,2.4850836,70139.0,4.999929,419.99402,Sauvadel
1.4019132e-05,23262.654,162533.06,9228.442,0.00023291873,37.013832,17.128199,2241135.0,2.0009787,42250.664,2.4878404,105574.0,4.999953,514.9951,Sauvadel
1.3937071e-05,18651.574,197038.62,7625.0015,0.00021566961,31.016697,16.899855,2407736.0,2.000975,26745.031,2.4847188,66829.0,4.999925,409.99387,Sauvadel
1.394991e-05,19797.555,181825.03,8042.8306,0.00022184331,32.306126,16.966747,2256387.8,2.001982,31893.574,2.4860022,79654.0,4.999937,447.4944,Sauvadel
1.1620528e-05,26000.486,220954.86,10193.534,0.0002356302,39.90167,17.317358,4146307.5,2.0025485,28091.75,2.4850836,70139.0,4.999929,419.99402,Sauvadel
1.2210435e-05,23763.104,223110.19,9417.684,0.00022845433,37.368256,17.204443,3481555.8,2.0008597,28404.203,2.485172,70979.0,4.9999294,422.49405,Sauvadel
1.323491e-05,19508.686,314041.44,7800.8193,0.00026273102,34.248,16.953459,5211216.0,2.0005524,12659.496,2.4777977,31639.0,4.999842,282.49106,Sauvadel
1.3410641e-05,23343.271,136449.16,9303.248,0.00022230305,36.39436,17.132977,2208736.8,2.0031414,43958.938,2.4880726,109724.0,4.999954,524.99524,Sauvadel
1.4731788e-05,22602.1,165994.45,8971.663,0.00024454127,36.644558,17.082933,2158994.5,2.087323,44935.887,2.4879577,107639.0,4.9999537,519.9952,Sauvadel
1.714212e-05,18669.807,161624.53,7506.943,0.00027094627,33.134247,16.828665,1650970.5,2.006998,37185.66,2.4870198,92639.0,4.999946,482.49478,Sauvadel
1.6271548e-05,18609.16,210123.6,7524.107,0.00024627562,32.39852,16.860619,1737009.2,2.0016258,35560.887,2.4867444,88829.0,4.9999437,472.4947,Sauvadel
1.5802867e-05,18493.074,150835.42,7480.9653,0.00023853412,32.281036,16.84488,1699299.9,2.0030968,35965.6,2.4868145,89774.0,4.999944,474.99472,Sauvadel
1.5597396e-05,17995.078,177784.81,7312.087,0.00023768606,31.491491,16.833748,1808651.9,2.001188,32239.139,2.4860802,80549.0,4.999938,449.99442,Sauvadel
1.1061453e-05,19718.443,325320.75,8192.701,0.00017054388,29.390148,17.05342,3488283.8,2.0022533,22076.844,2.4831765,55129.0,4.9999094,372.49326,Sauvadel
1.5477008e-05,21383.621,171222.14,8471.777,0.00027137427,36.361958,16.98559,3096079.8,3.0128968,58166.984,2.487284,96529.0,4.999948,492.4949,Sauvadel
1.13990845e-05,34189.406,161666.47,12983.403,0.00024673226,48.43201,17.560175,4439188.5,2.0018713,43096.29,2.4879577,107639.0,4.9999537,519.9952,Sauvadel
1.1060975e-05,32089.11,187145.22,12336.701,0.00023043819,45.49963,17.558836,4536393.5,2.0052688,38320.688,2.4872189,95549.0,4.9999475,489.99487,Sauvadel
1.502458e-05,22005.096,109235.82,8760.92,0.0002460127,35.965504,17.028446,1894346.4,2.0005326,44743.91,2.4881854,111829.0,4.999955,529.99524,Sauvadel
1.6061469e-05,18972.82,132478.67,7657.813,0.00023754497,32.78649,16.85394,1692266.4,2.001149,37851.734,2.4871533,94574.0,4.999947,487.49484,Sauvadel
1.3775515e-05,26425.23,234859.67,10298.141,0.00024843827,40.98681,17.305733,2996460.8,2.000339,39408.68,2.487412,98504.0,4.9999495,497.49496,Sauvadel
1.3811866e-05,25079.135,151025.36,9741.12,0.00027599215,40.88793,17.19662,3343293.5,2.0010693,31168.654,2.485844,77879.0,4.9999356,442.49432,Sauvadel
1.5029155e-05,22427.836,158443.23,8844.904,0.00026441025,37.47669,17.054842,2264362.5,2.0014184,37856.83,2.4871533,94574.0,4.999947,487.49484,Sauvadel
1.4302768e-05,22275.799,163523.53,8841.284,0.00024327554,36.51442,17.092941,2530938.0,2.0004296,34047.312,2.4864573,85099.0,4.9999413,462.49457,Sauvadel
1.15502135e-05,28004.393,174587.48,11020.1045,0.00021252288,40.15015,17.390879,3284081.5,2.003503,42303.965,2.4878404,105574.0,4.999953,514.9951,Sauvadel
1.1019094e-05,26180.283,178634.84,10454.114,0.0001940452,37.239635,17.333664,2970322.2,2.0014176,42259.934,2.4878404,105574.0,4.999953,514.9951,Sauvadel
2.0165953e-05,17811.938,146433.25,7073.352,0.00031928267,34.297115,16.74409,1636934.1,2.0004408,32227.102,2.4860802,80549.0,4.999938,449.99442,Sauvadel
1.5611104e-05,20751.518,226772.3,8235.789,0.00027340485,35.829163,16.990126,2339569.2,2.0008655,31519.633,2.4859235,78764.0,4.9999366,444.99435,Sauvadel
1.37928955e-05,22904.838,190566.38,9100.467,0.00023319823,36.64273,17.12629,2559577.8,2.0004346,35917.805,2.4868145,89774.0,4.999944,474.99472,Sauvadel
1.2644222e-05,31956.457,141334.58,12220.235,0.00024162738,46.333763,17.473898,3593903.2,2.00031,46879.26,2.488458,117179.0,4.9999576,542.49536,Sauvadel
1.2334983e-05,26327.62,145432.06,10375.245,0.00022691644,39.262352,17.31258,3278661.8,2.000356,37062.598,2.4870198,92639.0,4.999946,482.49478,Sauvadel
1.3564315e-05,26608.438,146906.83,10319.804,0.0002601808,41.79797,17.275461,3302127.0,2.0105255,36098.99,2.4868145,89774.0,4.999944,474.99472,Sauvadel
1.3435633e-05,25274.0,166431.42,9889.064,0.00024619212,39.88576,17.239351,3257035.8,2.000343,33311.715,2.486309,83264.0,4.99994,457.4945,Sauvadel
1.598032e-05,20421.602,140364.16,8133.4,0.00026130816,35.202072,16.941034,1963726.6,2.001504,36699.58,2.486952,91679.0,4.9999456,479.99475,Sauvadel
1.7680139e-05,21045.58,153017.92,8317.08,0.00028069044,36.54504,16.931522,4787299.5,5.9419255,145761.38,2.4887185,122654.0,4.9999595,554.9955,Sauvadel
1.5035857e-05,21831.02,180131.1,8704.6455,0.00024037299,35.68256,17.036842,2021237.9,2.0009623,41431.926,2.487721,103529.0,4.999952,509.9951,Sauvadel
1.614277e-05,21691.338,109339.45,8585.317,0.00026661364,36.637775,16.96787,1736537.1,2.0038826,46530.156,2.4884045,116099.0,4.999957,539.99536,Sauvadel
1.526592e-05,20129.152,121084.2,8113.3057,0.00022869167,33.48137,16.923279,1639312.1,2.0024693,44364.707,2.4881291,110774.0,4.9999547,527.49524,Sauvadel
1.4357225e-05,22342.914,183543.1,8817.418,0.0002625954,37.34236,17.085814,2927331.2,2.0003812,29075.541,2.4853458,72674.0,4.9999313,427.4941,Sauvadel
1.4282301e-05,23001.59,226208.19,9082.55,0.00025602768,37.55881,17.145597,2951270.8,2.0007012,30810.799,2.485763,76999.0,4.999935,439.9943,Sauvadel
1.2415937e-05,28047.258,203280.4,10659.092,0.00030563245,45.609436,17.34345,6774868.5,2.4843843,28510.793,2.4835093,57379.0,4.9999127,379.99338,Sauvadel
2.0578038e-05,16243.48,150796.02,6553.8022,0.0002988998,31.5168,16.628298,1176225.9,2.0019217,38649.1,2.487284,96529.0,4.999948,492.4949,Sauvadel
1.8320961e-05,17878.52,121674.555,7178.8354,0.0002830475,32.93043,16.748777,1459901.6,2.0023603,37874.645,2.4871533,94574.0,4.999947,487.49484,Sauvadel
1.773997e-05,16836.145,125346.18,6836.422,0.00026306298,31.036516,16.701845,1443374.4,2.0012727,34804.133,2.4866023,86954.0,4.9999423,467.49463,Sauvadel
1.9809495e-05,22359.676,87617.03,8649.647,0.00032821466,40.1659,16.817318,1570648.2,2.0014348,50886.48,2.4889185,127124.0,4.999961,564.99554,Sauvadel
1.5604146e-05,19969.652,140450.62,8025.182,0.00024406063,33.80184,16.938416,1966553.8,2.0009675,35927.37,2.4868145,89774.0,4.999944,474.99472,Sauvadel
1.806851e-05,16112.407,156267.31,6505.093,0.00030559592,31.37214,16.639387,2053976.2,2.0009344,21766.164,2.4830625,54389.0,4.999908,369.9932,Sauvadel
1.4461653e-05,28691.25,149882.02,10761.945,0.00033574563,48.00688,17.295792,5139388.0,2.7965558,48114.742,2.4865303,86024.0,4.999942,464.9946,Sauvadel
1.34267075e-05,29300.895,164717.28,11090.26,0.00030455476,46.8481,17.347603,4047883.0,2.001949,33338.457,2.486309,83264.0,4.99994,457.4945,Sauvadel
1.2366834e-05,27186.748,311468.1,10524.295,0.00026013632,42.340466,17.365334,4543390.0,2.000284,27063.842,2.4848118,67649.0,4.999926,412.4939,Sauvadel
1.2866375e-05,27985.494,184831.69,10635.452,0.00030535896,45.582718,17.328604,7009185.5,3.2026322,46005.812,2.4852595,71824.0,4.9999304,424.99408,Sauvadel
1.6679085e-05,20568.088,137493.62,8179.289,0.00026014078,35.47445,16.950483,1775040.2,2.0015163,41037.09,2.4876604,102514.0,4.9999514,507.49506,Sauvadel
1.5295871e-05,20964.084,156936.14,8390.948,0.00023578125,34.7811,16.997765,1872074.4,2.000525,41422.867,2.487721,103529.0,4.999952,509.9951,Sauvadel
2.2333556e-05,17285.488,93207.52,6844.732,0.00033789707,34.37599,16.613508,1253736.4,2.0005386,39016.508,2.4873483,97514.0,4.9999485,494.99493,Sauvadel
1.7198723e-05,21430.088,145971.05,8418.062,0.0002932738,37.55812,16.975101,2064087.0,2.001237,37078.918,2.4870198,92639.0,4.999946,482.49478,Sauvadel
1.4325003e-05,23687.154,182813.25,9308.816,0.00026049357,38.545044,17.143112,2658190.8,2.0008152,35924.637,2.4868145,89774.0,4.999944,474.99472,Sauvadel
2.4370762e-05,16059.322,84227.27,6392.905,0.00034747738,33.046688,16.533415,1074160.6,2.0010924,39423.52,2.487412,98504.0,4.9999495,497.49496,Sauvadel
2.0475147e-05,15630.547,119574.47,6351.1265,0.00029349374,30.36206,16.588947,1227477.1,2.000591,34792.277,2.4866023,86954.0,4.9999423,467.49463,Sauvadel
1.655307e-05,21297.44,107208.08,8403.96,0.00028068706,36.870384,16.936031,1885609.1,2.0005043,40612.24,2.4875994,101504.0,4.999951,504.99503,Sauvadel
1.3368983e-05,38533.93,177454.61,14091.118,0.0003052962,57.03963,17.595028,9137272.0,3.9212735,95326.16,2.4886672,121549.0,4.999959,552.4955,Sauvadel
1.3949444e-05,33423.68,169656.97,12481.645,0.00028994013,50.985,17.471617,3887667.0,2.0008504,44328.84,2.4881291,110774.0,4.9999547,527.49524,Sauvadel
1.2921043e-05,25014.605,156907.42,9728.447,0.00026668413,40.669216,17.21925,4247096.0,2.0015652,24511.168,2.484036,61229.0,4.9999185,392.4936,Sauvadel
1.909012e-05,18834.516,127031.66,7483.2036,0.00030483003,34.75603,16.778673,7969393.5,11.210144,265153.53,2.488511,118264.0,4.9999576,544.99536,Sauvadel
1.6584598e-05,22065.691,105726.49,8685.511,0.00027809158,37.576065,16.970528,1817967.0,2.0005057,45167.418,2.488241,112889.0,4.9999557,532.4953,Sauvadel
1.421776e-05,23744.0,112775.47,9385.235,0.0002410076,37.739517,17.099798,2190416.2,2.0044196,44830.848,2.4881854,111829.0,4.999955,529.99524,Sauvadel
1.6209875e-05,23849.877,221791.33,9265.922,0.0002906065,40.27959,17.144505,2517795.5,2.0003479,37062.445,2.4870198,92639.0,4.999946,482.49478,Sauvadel
1.27886515e-05,28981.219,170992.73,11177.428,0.00025329553,43.696228,17.377676,3512346.8,2.000673,39813.39,2.487475,99499.0,4.99995,499.99496,Sauvadel
1.4946453e-05,19512.096,137766.17,7910.2256,0.00022552903,32.45696,16.916107,1865480.2,2.001638,37086.348,2.4870198,92639.0,4.999946,482.49478,Sauvadel
1.550713e-05,20853.615,185940.05,8311.582,0.00024940685,35.301342,16.985687,2060372.8,2.0004823,36680.844,2.486952,91679.0,4.9999456,479.99475,Sauvadel
1.7284083e-05,19583.771,194754.23,7814.7144,0.0002736065,34.554157,16.91556,1820207.4,2.000456,36298.277,2.4868836,90724.0,4.9999447,477.49475,Sauvadel
1.7657663e-05,20478.004,192063.33,8040.812,0.00030784603,37.14431,16.948261,2321679.0,2.000352,29761.236,2.4855158,74389.0,4.999933,432.49417,Sauvadel
2.2219618e-05,14333.556,152033.62,5813.9526,0.00032962408,29.88243,16.475943,1361700.4,2.002001,25785.771,2.4844334,64399.0,4.9999223,402.49374,Sauvadel
2.2977441e-05,9781.296,149840.17,4133.8965,0.00030114927,23.05812,15.986343,1419456.9,2.0028412,12227.346,2.4773962,30524.0,4.999836,277.4909,Sauvadel
1.3161553e-05,25515.281,162763.34,10012.1,0.0002453554,39.56458,17.219006,2728136.5,2.0013244,41033.152,2.4876604,102514.0,4.9999514,507.49506,Sauvadel
1.62667e-05,19767.791,151475.2,7932.4062,0.00025333514,33.903965,16.906204,1659055.2,2.0005648,41423.69,2.487721,103529.0,4.999952,509.9951,Sauvadel
1.12744665e-05,31206.229,204606.06,12051.456,0.00023161444,44.402645,17.50701,4107117.2,2.00033,40206.633,2.4875374,100499.0,4.9999504,502.495,Sauvadel
1.3356695e-05,27109.875,249616.86,10398.212,0.0002908252,43.730705,17.308104,4227862.0,2.0011623,28072.305,2.4850836,70139.0,4.999929,419.99402,Sauvadel
1.8221279e-05,23130.865,161414.61,8921.491,0.00032499662,40.981075,17.058985,2252726.5,2.0013676,37855.867,2.4871533,94574.0,4.999947,487.49484,Sauvadel
1.8095547e-05,21213.99,176369.83,8329.633,0.00029353038,37.511627,16.981096,1820852.0,2.0004325,41014.867,2.4876604,102514.0,4.9999514,507.49506,Sauvadel
1.3205942e-05,23509.492,176224.9,9112.693,0.0003019115,40.450226,17.120712,4751219.5,2.0028563,18933.0,2.4818316,47264.0,4.999894,344.9927,Sauvadel
1.3363405e-05,25225.404,203686.27,9836.768,0.000267158,40.365948,17.233107,3552286.8,2.0023255,30137.002,2.485599,75254.0,4.9999337,434.99423,Sauvadel
1.4031532e-05,26984.555,169783.97,10430.785,0.00026469026,42.476032,17.299974,2994386.8,2.0003583,40207.2,2.4875374,100499.0,4.9999504,502.495,Sauvadel
1.4636997e-05,22185.729,194981.7,8785.332,0.0002564127,36.794144,17.091211,2630014.5,2.000395,32226.365,2.4860802,80549.0,4.999938,449.99442,Sauvadel
1.4125698e-05,23597.307,219211.8,9268.201,0.00026077614,38.587067,17.161236,3174509.5,2.0003333,29760.957,2.4855158,74389.0,4.999933,432.49417,Sauvadel
1.4180884e-05,22255.168,214138.08,8819.994,0.0002527084,36.71206,17.09721,2875157.2,2.0003796,29761.646,2.4855158,74389.0,4.999933,432.49417,Sauvadel
1.504999e-05,20463.791,167380.0,8092.6025,0.00028255794,36.175484,16.955564,2816912.8,2.0046802,25180.787,2.4842372,62804.0,4.9999204,397.49368,Sauvadel
1.39654985e-05,22161.406,212865.94,8725.585,0.0002721295,37.582325,17.073578,3222499.8,2.0019774,25785.469,2.4844334,64399.0,4.9999223,402.49374,Sauvadel
1.1265152e-05,29096.148,228733.42,11344.664,0.00022181396,42.019535,17.46104,4292614.0,2.00062,34050.55,2.4864573,85099.0,4.9999413,462.49457,Sauvadel
1.7292947e-05,18997.594,179155.58,7618.396,0.00026557484,33.631966,16.850412,1712677.8,2.000493,36681.04,2.486952,91679.0,4.9999456,479.99475,Sauvadel
1.528935e-05,23270.775,152905.69,9171.802,0.00025812403,37.94262,17.083204,3051186.0,3.2691827,82383.41,2.4888692,125999.0,4.9999604,562.49554,Sauvadel
1.3106802e-05,28721.176,178532.92,11127.783,0.00024531558,42.864613,17.366655,2941815.2,2.001512,47341.76,2.488511,118264.0,4.9999576,544.99536,Sauvadel
1.3784452e-05,22954.316,218089.94,8898.952,0.00030706017,40.154865,17.11025,5006639.0,2.002638,17052.465,2.4808578,42574.0,4.9998827,327.4923,Sauvadel
1.4322344e-05,22212.092,229698.11,8676.709,0.0002931688,38.71492,17.068155,3837229.8,2.0006466,21176.844,2.4828298,52924.0,4.9999056,364.9931,Sauvadel
1.7306633e-05,21558.244,145139.5,8387.549,0.00032185522,38.952415,16.971786,3206948.5,3.1160595,57734.35,2.4870198,92639.0,4.999946,482.49478,Sauvadel
1.4712971e-05,22641.107,146876.62,8889.068,0.00027889264,38.206676,17.050613,2673938.2,2.000852,32233.729,2.4860802,80549.0,4.999938,449.99442,Sauvadel
1.47778255e-05,31925.832,167961.11,11898.566,0.0003185855,50.630337,17.433815,3465511.0,2.00362,44812.96,2.4881854,111829.0,4.999955,529.99524,Sauvadel
1.2412586e-05,32416.172,164628.36,12208.121,0.00028686924,49.092773,17.495792,4663008.5,2.003212,35589.066,2.4867444,88829.0,4.9999437,472.4947,Sauvadel
1.4075356e-05,22865.402,269172.16,9004.456,0.0002668661,37.879677,17.13844,6561097.5,3.9864738,55922.254,2.4850836,70139.0,4.999929,419.99402,Sauvadel
1.2359485e-05,23389.879,182595.56,9096.823,0.00028628006,39.90725,17.142502,5606988.5,2.000922,16009.377,2.480253,40004.0,4.999875,317.49207,Sauvadel
1.6758953e-05,26836.07,148146.11,10151.925,0.00033153177,45.74273,17.21032,4004447.8,2.888517,58639.78,2.4875994,101504.0,4.999951,504.99503,Sauvadel
1.5469423e-05,24397.77,178942.34,9495.09,0.00028067947,40.28483,17.131945,2554869.0,2.0007355,38626.203,2.487284,96529.0,4.999948,492.4949,Sauvadel
1.3721038e-05,22445.754,221078.81,8758.81,0.00029388332,38.975998,17.080627,4141002.2,2.0024188,20046.215,2.4823449,50054.0,4.9999003,354.99292,Sauvadel
1.3043017e-05,24838.889,248727.27,9705.904,0.00025556813,39.89052,17.240658,3888980.8,2.0003183,26736.254,2.4847188,66829.0,4.999925,409.99387,Sauvadel
1.34783495e-05,27824.361,216579.84,10691.454,0.0002752683,43.776035,17.352222,3670250.2,2.000627,34420.79,2.4865303,86024.0,4.999942,464.9946,Sauvadel
1.5543432e-05,23859.166,158977.84,9275.186,0.0002886382,40.195267,17.114182,2691978.5,2.0018196,34813.645,2.4866023,86954.0,4.9999423,467.49463,Sauvadel
1.3643246e-05,25670.895,153134.33,10072.962,0.00024495737,39.633743,17.201551,2374682.0,2.0014107,47775.676,2.4885635,119354.0,4.999958,547.4954,Sauvadel
1.1996329e-05,28779.92,218369.84,11196.63,0.00023155431,42.23931,17.424671,3743299.2,2.0003266,37836.18,2.4871533,94574.0,4.999947,487.49484,Sauvadel
1.3093895e-05,30806.428,173553.64,11761.503,0.0002546395,46.114117,17.452747,3669686.0,2.0048387,42332.17,2.4878404,105574.0,4.999953,514.9951,Sauvadel
1.2436088e-05,27293.361,230181.05,10464.134,0.00028518267,43.88132,17.341644,5035066.0,2.000577,23876.887,2.4838293,59674.0,4.999916,387.4935,Sauvadel
1.409591e-05,28482.658,178594.25,10649.784,0.00035113617,48.41218,17.331099,4907791.5,2.0005553,24812.887,2.484137,62014.0,4.9999194,394.99362,Sauvadel
1.2718805e-05,32621.14,220845.89,12326.056,0.0002787406,48.623314,17.53072,4262361.0,2.0014105,39828.07,2.487475,99499.0,4.99995,499.99496,Sauvadel
1.2403224e-05,28936.809,246713.45,11158.512,0.000248901,43.702705,17.42774,4369512.0,2.0002663,31866.242,2.4860022,79654.0,4.999937,447.4944,Sauvadel
1.2983149e-05,27637.734,219226.8,10743.695,0.00024346214,41.888958,17.355343,3381072.2,2.0003252,38226.21,2.4872189,95549.0,4.9999475,489.99487,Sauvadel
1.6964663e-05,24137.672,140084.11,9327.07,0.00030447243,41.209114,17.033535,2028882.4,2.0027509,46503.875,2.4884045,116099.0,4.999957,539.99536,Sauvadel
1.921637e-05,28638.295,144649.44,10585.07,0.00037668683,50.348244,17.207186,2705827.8,2.0006032,43903.24,2.4880726,109724.0,4.999954,524.99524,Sauvadel
1.3511238e-05,22934.553,186762.81,9151.664,0.00022627041,36.049156,17.129004,2637388.2,2.0049174,35619.36,2.4867444,88829.0,4.9999437,472.4947,Sauvadel
1.4735643e-05,18098.535,238246.62,7273.096,0.00026865842,32.934647,16.838247,3728298.5,2.001372,15262.464,2.4797738,38129.0,4.999869,309.99188,Sauvadel
1.4216479e-05,21827.707,124419.484,8750.707,0.00022803615,34.935753,17.025278,2140320.5,2.0004835,39809.62,2.487475,99499.0,4.99995,499.99496,Sauvadel
1.3844499e-05,25852.562,223147.84,10043.658,0.00026607976,41.20568,17.262247,3168617.5,2.0006986,35168.277,2.4866738,87889.0,4.9999433,469.99466,Sauvadel
1.3067742e-05,28371.883,180858.17,10942.557,0.00025680574,43.432426,17.36738,3455002.8,2.0003386,38618.535,2.487284,96529.0,4.999948,492.4949,Sauvadel
1.9383324e-05,22160.992,147591.11,8575.382,0.00032952614,40.02158,16.968517,1785221.0,2.0004241,43899.31,2.4880726,109724.0,4.999954,524.99524,Sauvadel
1.2823224e-05,26436.318,165575.5,10330.148,0.00023689763,40.58503,17.318003,3620161.5,2.000935,32957.402,2.4862335,82354.0,4.9999394,454.99448,Sauvadel
1.3692146e-05,23519.248,213308.95,9241.741,0.0002589797,38.48664,17.162706,3193171.5,2.0003748,29417.514,2.4854314,73529.0,4.999932,429.99414,Sauvadel
1.4654898e-05,20379.08,193944.67,8153.8125,0.0002496809,34.568733,16.977234,2116656.8,2.0027752,34457.746,2.4865303,86024.0,4.999942,464.9946,Sauvadel
1.7843826e-05,18503.168,130183.305,7414.4907,0.00026793778,33.493847,16.814106,1546670.4,2.0005624,38230.746,2.4872189,95549.0,4.9999475,489.99487,Sauvadel
1.646439e-05,18234.22,142244.92,7384.49,0.00023834704,32.021305,16.808466,1651944.9,2.0011456,35930.57,2.4868145,89774.0,4.999944,474.99472,Sauvadel
1.6890663e-05,22123.922,140039.1,8644.791,0.00029771586,38.631027,16.991417,2219039.2,2.1225257,40977.48,2.487284,96529.0,4.999948,492.4949,Sauvadel
9.481174e-06,32425.72,287021.88,12319.332,0.00025416567,47.618195,17.598846,10184776.0,2.4437866,25161.227,2.4825907,51479.0,4.9999027,359.993,Sauvadel
1.2082721e-05,29807.887,281946.0,11384.448,0.0002730992,45.620148,17.455553,5389772.0,2.0011902,26747.91,2.4847188,66829.0,4.999925,409.99387,Sauvadel
1.551415e-05,23130.418,129274.67,9098.761,0.00026049584,38.156845,17.057352,6083420.5,6.234134,152929.55,2.4887185,122654.0,4.9999595,554.9955,Sauvadel
1.2537704e-05,30992.652,190708.42,11765.279,0.00027869883,47.133793,17.449589,4238821.5,2.0003123,36295.668,2.4868836,90724.0,4.9999447,477.49475,Sauvadel
1.3519032e-05,30144.867,204043.84,11252.246,0.00032726684,49.51454,17.370827,5006864.5,2.0005565,27397.621,2.4849036,68474.0,4.999927,414.99393,Sauvadel
1.3727807e-05,25938.697,173463.73,10112.891,0.00025390787,40.710526,17.250431,2714217.0,2.0004194,41828.77,2.487781,104549.0,4.9999523,512.4951,Sauvadel
1.5210359e-05,18911.975,145848.16,7562.319,0.00027137974,33.962723,16.855883,2391031.0,2.0005205,25766.703,2.4844334,64399.0,4.9999223,402.49374,Sauvadel
1.2051812e-05,31171.225,212887.8,11846.529,0.0002716225,47.0244,17.494473,5134517.5,2.0002549,30453.88,2.4856815,76124.0,4.999934,437.49426,Sauvadel
1.766543e-05,15444.804,187100.23,6350.189,0.00024269792,28.88591,16.628843,1619378.6,2.0011277,26747.074,2.4847188,66829.0,4.999925,409.99387,Sauvadel
1.6689935e-05,17088.47,174702.31,7002.02,0.0002256941,30.05076,16.76979,1574728.6,2.0056245,34135.73,2.4864573,85099.0,4.9999413,462.49457,Sauvadel
1.7552724e-05,25178.719,126853.49,9636.695,0.00032079106,43.138504,17.073114,2157201.8,2.002023,46486.977,2.4884045,116099.0,4.999957,539.99536,Sauvadel
1.7810036e-05,22712.783,104303.97,8819.399,0.00030967745,39.807117,16.96906,1835237.0,2.000479,45592.914,2.488296,113954.0,4.999956,534.9953,Sauvadel
1.0727904e-05,27222.596,229226.9,10793.879,0.00019537265,38.691566,17.404095,3879058.8,2.001117,34429.215,2.4865303,86024.0,4.999942,464.9946,Sauvadel
1.597487e-05,22740.559,172530.83,8930.502,0.00027307763,38.21501,17.07652,2156724.0,2.090265,44135.95,2.4878404,105574.0,4.999953,514.9951,Sauvadel
1.4055671e-05,26591.99,183275.19,10337.555,0.00025991318,41.434544,17.267519,2736074.5,2.0037935,43554.453,2.4880154,108679.0,4.999954,522.4952,Sauvadel
1.3918301e-05,31807.65,133996.48,11949.4,0.0002882819,49.23451,17.388924,3694556.0,2.1545718,49565.92,2.4883504,115024.0,4.9999566,537.4953,Sauvadel
1.318231e-05,24888.068,180541.06,9770.319,0.00024608447,39.2293,17.237232,3403849.0,2.000673,31162.482,2.485844,77879.0,4.9999356,442.49432,Sauvadel
1.43018915e-05,28170.863,134134.44,10796.704,0.00028193017,44.33672,17.286768,3832828.8,2.6893742,61293.527,2.488296,113954.0,4.999956,534.9953,Sauvadel
1.319043e-05,30242.623,184227.84,11589.985,0.00026106887,45.255558,17.432074,3497560.5,2.0040004,43142.12,2.4879577,107639.0,4.9999537,519.9952,Sauvadel
1.3604772e-05,29222.047,212231.89,11189.34,0.00026823525,44.950054,17.407917,3682069.0,2.0639796,40253.797,2.4873483,97514.0,4.9999485,494.99493,Sauvadel
1.3494241e-05,26870.402,206954.7,10357.47,0.0002798835,42.857742,17.299011,3750608.2,2.0003116,31510.91,2.4859235,78764.0,4.9999366,444.99435,Sauvadel
1.3627972e-05,21023.246,132685.55,8482.605,0.00022057444,33.724316,17.006191,1973817.0,2.0006037,40614.254,2.4875994,101504.0,4.999951,504.99503,Sauvadel
1.4031202e-05,31249.92,149848.58,11763.651,0.0002932406,48.64169,17.376024,3487888.2,2.102435,48366.523,2.4883504,115024.0,4.9999566,537.4953,Sauvadel
1.4240925e-05,27810.543,143696.47,10657.773,0.00028165078,44.185925,17.274372,3115066.5,2.0031846,40264.008,2.4875374,100499.0,4.9999504,502.495,Sauvadel
1.2095348e-05,32779.336,280364.47,12405.049,0.00026796552,48.429386,17.584536,5059104.5,2.0002432,34044.14,2.4864573,85099.0,4.9999413,462.49457,Sauvadel
1.1005669e-05,31083.834,220505.33,12029.038,0.00022729624,44.016018,17.542671,5003692.5,2.000765,32954.6,2.4862335,82354.0,4.9999394,454.99448,Sauvadel
1.2236995e-05,27009.17,222199.55,10610.56,0.000222934,40.01202,17.341465,2988261.2,2.0419595,44384.03,2.4880154,108679.0,4.999954,522.4952,Sauvadel
1.2873512e-05,22798.97,198155.83,9161.627,0.00021390207,35.01295,17.144897,2604172.8,2.0008767,36305.906,2.4868836,90724.0,4.9999447,477.49475,Sauvadel
1.6055905e-05,20285.105,233006.84,8064.4136,0.00027528443,35.38085,16.975647,2544518.8,2.0017343,27746.04,2.4849942,69304.0,4.999928,417.494,Sauvadel
1.4538279e-05,19099.852,126894.57,7789.2065,0.00022095135,31.516989,16.883625,1641151.2,2.002002,41047.047,2.4876604,102514.0,4.9999514,507.49506,Sauvadel
1.3147871e-05,29134.305,200215.62,11183.833,0.0002641791,44.509655,17.398962,7574459.0,4.4739676,95389.47,2.4878993,106604.0,4.9999533,517.4951,Sauvadel
1.1115992e-05,28597.63,226171.6,11193.33,0.00021659306,41.21621,17.438879,3970429.5,2.002133,35948.297,2.4868145,89774.0,4.999944,474.99472,Sauvadel
9.88244e-06,33783.133,150508.22,13054.697,0.00020841428,45.299343,17.6142,5047324.5,2.000307,39011.99,2.4873483,97514.0,4.9999485,494.99493,Sauvadel
7.915791e-06,39254.637,195387.17,15136.995,0.00017883249,47.622707,17.868118,7115130.5,2.002518,38268.117,2.4872189,95549.0,4.9999475,489.99487,Sauvadel
1.4036605e-05,25640.215,180740.05,10017.085,0.00024867986,40.27226,17.25205,3039185.0,2.001268,36695.246,2.486952,91679.0,4.9999456,479.99475,Sauvadel
1.6071966e-05,24629.844,166499.17,9528.746,0.00028908017,41.2669,17.168823,2584665.5,2.0006907,38233.2,2.4872189,95549.0,4.9999475,489.99487,Sauvadel
1.6997259e-05,22974.13,166698.8,8966.157,0.00029255587,39.21132,17.060007,2045771.1,2.0008266,42659.625,2.4878993,106604.0,4.9999533,517.4951,Sauvadel
1.6572443e-05,21356.9,212363.44,8442.795,0.00027300842,36.648182,16.996248,2827162.5,3.1826162,70510.87,2.4881291,110774.0,4.9999547,527.49524,Sauvadel
1.5583928e-05,21981.432,192658.92,8683.785,0.00026274848,37.031677,17.059856,2320811.8,2.002452,35575.562,2.4867444,88829.0,4.9999437,472.4947,Sauvadel
1.23958935e-05,28159.906,220980.84,10932.235,0.00023801634,42.31442,17.399178,3986441.2,2.0029085,33720.965,2.4863834,84179.0,4.9999404,459.99454,Sauvadel
1.237319e-05,27003.246,248147.92,10518.067,0.0002482167,41.311783,17.357138,4302247.5,2.000273,28733.922,2.4852595,71824.0,4.9999304,424.99408,Sauvadel
2.1237529e-05,15358.648,84493.664,6250.7373,0.0002810677,30.033962,16.521408,1794823.5,3.7673059,83464.664,2.4881291,110774.0,4.9999547,527.49524,Sauvadel
1.5938827e-05,19610.535,143668.6,7890.2666,0.00025021422,33.48404,16.919527,1822693.6,2.0046475,37529.008,2.4870868,93604.0,4.9999466,484.9948,Sauvadel
1.32181285e-05,24324.277,288649.28,9572.18,0.0002527676,38.62977,17.220373,6377018.0,3.7059557,56423.176,2.4856815,76124.0,4.999934,437.49426,Sauvadel
1.1827085e-05,26576.477,291857.78,10466.652,0.00022460867,39.459,17.370298,4261943.5,2.0024545,29105.676,2.4853458,72674.0,4.9999313,427.4941,Sauvadel
1.419336e-05,27559.2,174631.4,10644.702,0.00026185648,42.84902,17.316696,5500365.0,4.0937724,98618.98,2.4886158,120449.0,4.9999585,549.9954,Sauvadel
1.1521977e-05,31911.604,204085.95,12295.104,0.00022504583,45.06894,17.5522,4159547.5,2.0023572,41460.81,2.487721,103529.0,4.999952,509.9951,Sauvadel
1.5893705e-05,22810.291,140918.36,8903.271,0.00029508257,39.116238,17.033302,2224996.5,2.0009387,38630.12,2.487284,96529.0,4.999948,492.4949,Sauvadel
1.6262702e-05,24553.605,123667.516,9477.315,0.00030056114,41.572487,17.116068,4532653.0,4.047777,90532.586,2.4881854,111829.0,4.999955,529.99524,Sauvadel
1.080635e-05,31450.549,225362.1,12114.972,0.00023581428,44.917896,17.539331,10646920.0,4.658861,88122.36,2.4871533,94574.0,4.999947,487.49484,Sauvadel
1.6326e-05,22860.08,164031.12,8926.783,0.00029362293,39.074917,17.054838,2357295.5,2.0007656,36686.04,2.486952,91679.0,4.9999456,479.99475,Sauvadel
1.4623522e-05,22561.447,129283.52,8960.636,0.00024382761,36.546925,17.063044,2232129.2,2.00136,39827.066,2.487475,99499.0,4.99995,499.99496,Sauvadel
1.4862395e-05,24718.543,108357.36,9678.253,0.00026236248,39.542126,17.075354,2648915.5,2.8131456,78008.52,2.489389,138649.0,4.9999638,589.9957,Sauvadel
1.2445892e-05,25207.773,184998.48,9725.044,0.00028313327,41.957172,17.23222,5532547.5,2.002251,18652.969,2.4816985,46579.0,4.9998927,342.49265,Sauvadel
1.2251349e-05,25537.13,174228.27,9912.094,0.00026597717,41.2005,17.252796,4587471.0,2.0003335,23565.93,2.483724,58904.0,4.999915,384.99347,Sauvadel
1.3150003e-05,26937.762,139137.75,10536.506,0.00023444333,40.64585,17.28209,2840100.5,2.0003843,43898.434,2.4880726,109724.0,4.999954,524.99524,Sauvadel
1.6977192e-05,21937.02,95174.695,8643.592,0.00027474883,37.37508,16.930412,1817751.9,2.0004632,44742.363,2.4881854,111829.0,4.999955,529.99524,Sauvadel
1.3597512e-05,23717.357,124702.234,9421.484,0.000233064,37.015663,17.118303,2327939.2,2.002379,42692.723,2.4878993,106604.0,4.9999533,517.4951,Sauvadel
1.5163198e-05,24264.123,189634.31,9426.115,0.00028950814,40.486374,17.13015,2614336.5,2.0004044,37063.492,2.4870198,92639.0,4.999946,482.49478,Sauvadel
1.2821284e-05,27830.953,164894.16,10815.709,0.0002480942,42.01495,17.303518,3137097.5,2.0018933,41859.59,2.487781,104549.0,4.9999523,512.4951,Sauvadel
1.525201e-05,20043.67,129622.516,8063.935,0.0002428257,33.68747,16.93245,1614121.4,2.002627,44368.195,2.4881291,110774.0,4.9999547,527.49524,Sauvadel
1.545411e-05,20475.326,167780.16,8210.759,0.00024410746,34.312008,16.98271,1881668.4,2.0025933,39453.09,2.487412,98504.0,4.9999495,497.49496,Sauvadel
1.6320162e-05,19263.127,167063.44,7751.9824,0.00025051687,33.301353,16.894531,1787575.2,2.001533,36700.11,2.486952,91679.0,4.9999456,479.99475,Sauvadel
1.4083853e-05,24669.795,191673.12,9653.884,0.0002568869,39.60089,17.209223,2898199.5,2.0018477,35564.83,2.4867444,88829.0,4.9999437,472.4947,Sauvadel
1.3228141e-05,27249.3,163696.58,10545.792,0.000261757,42.407627,17.307299,3331896.0,2.000357,37062.61,2.4870198,92639.0,4.999946,482.49478,Sauvadel
1.2725995e-05,26211.59,245664.86,10220.911,0.0002511547,40.80519,17.310436,3489044.5,2.000366,33312.094,2.486309,83264.0,4.99994,457.4945,Sauvadel
1.8137383e-05,20683.64,134362.88,8041.4893,0.0003338676,38.599743,16.866903,5302326.0,5.194202,91303.68,2.4866738,87889.0,4.9999433,469.99466,Sauvadel
1.5012087e-05,25380.445,161304.19,9824.999,0.00028377038,41.52901,17.185745,2577613.5,2.097195,45148.414,2.4879577,107639.0,4.9999537,519.9952,Sauvadel
2.3003973e-05,14458.311,182031.61,5855.1396,0.0003309402,30.134811,16.494461,1334391.4,2.008425,26844.607,2.4847188,66829.0,4.999925,409.99387,Sauvadel
1.2476549e-05,26794.414,179050.17,10512.172,0.0002296514,40.12674,17.306616,2836982.0,2.0017586,43928.59,2.4880726,109724.0,4.999954,524.99524,Sauvadel
1.3122611e-05,25168.244,162235.4,9914.619,0.00023817609,38.838703,17.22018,2554646.8,2.0018795,43096.46,2.4879577,107639.0,4.9999537,519.9952,Sauvadel
1.3906758e-05,25842.14,201773.03,9993.098,0.0002816739,41.901127,17.25398,3647307.5,2.003949,30161.436,2.485599,75254.0,4.9999337,434.99423,Sauvadel
1.1916596e-05,26206.568,190314.14,10177.391,0.00025605317,41.41941,17.30719,5200121.5,2.0014079,22067.523,2.4831765,55129.0,4.9999094,372.49326,Sauvadel
1.5090994e-05,25505.885,142771.27,9810.318,0.00028801584,42.552914,17.194736,3250280.2,2.0018668,32250.074,2.4860802,80549.0,4.999938,449.99442,Sauvadel
1.5078195e-05,28448.59,153326.72,10866.0625,0.00028752492,45.00071,17.306587,3288055.8,2.421534,58334.754,2.4886158,120449.0,4.9999585,549.9954,Sauvadel
1.3396309e-05,27072.799,167225.58,10551.023,0.00024354852,41.256214,17.29678,4730358.5,3.781434,96142.96,2.4889185,127124.0,4.999961,564.99554,Sauvadel
1.4511445e-05,25526.152,137570.06,9849.659,0.0002876138,42.079613,17.167227,4817048.0,3.7210984,77808.164,2.487781,104549.0,4.9999523,512.4951,Sauvadel
1.3949924e-05,24005.01,197557.31,9437.713,0.00025420205,38.625427,17.158121,6549666.0,5.180218,105163.61,2.4875994,101504.0,4.999951,504.99503,Sauvadel
1.2313101e-05,25100.469,158285.66,9953.302,0.00021346474,37.84267,17.248755,2806569.0,2.0009058,39818.023,2.487475,99499.0,4.99995,499.99496,Sauvadel
1.1599439e-05,25529.863,197992.27,9692.701,0.00034201497,44.530502,17.227024,8086712.0,2.0002773,12433.723,2.477599,31079.0,4.9998393,279.991,Sauvadel
1.4320894e-05,24841.902,300850.44,9480.681,0.00032868708,43.39824,17.200392,5019272.5,2.0002408,19184.31,2.4819627,47954.0,4.9998956,347.49277,Sauvadel
1.3011238e-05,24089.494,317446.4,9215.174,0.00033498195,42.666626,17.16965,6916359.0,2.0002306,13111.511,2.4781852,32774.0,4.9998474,287.49124,Sauvadel
1.5225816e-05,20747.924,119243.164,8323.85,0.00023642558,34.371773,16.945477,1724108.9,2.0011718,44335.96,2.4881291,110774.0,4.9999547,527.49524,Sauvadel
1.6355918e-05,26730.57,123383.79,10221.095,0.00030119892,44.030823,17.142199,2282609.5,2.0041504,50055.66,2.4888194,124879.0,4.99996,559.99554,Sauvadel
1.7943486e-05,20513.023,134555.3,8108.985,0.0002861315,36.250595,16.928339,1782719.2,2.001752,39834.863,2.487475,99499.0,4.99995,499.99496,Sauvadel
1.766489e-05,18229.252,157936.88,7350.128,0.0002617598,32.574158,16.817457,1593665.9,2.0020483,36709.555,2.486952,91679.0,4.9999456,479.99475,Sauvadel
1.2710944e-05,23210.514,265237.0,9057.103,0.00028624389,39.344093,17.149,5239615.5,2.002037,17047.346,2.4808578,42574.0,4.9998827,327.4923,Sauvadel
1.2783147e-05,24087.643,231686.28,9414.6455,0.0002639649,39.51641,17.198448,4294356.0,2.0006523,22657.387,2.4833999,56624.0,4.999912,377.49335,Sauvadel
1.9916703e-05,20017.312,172129.3,7831.1265,0.00032638366,37.404255,16.856192,1887579.9,2.0014145,34434.34,2.4865303,86024.0,4.999942,464.9946,Sauvadel
1.4701708e-05,23628.037,155460.3,9310.573,0.00024938985,38.132442,17.137178,2585039.8,2.0010936,37076.26,2.4870198,92639.0,4.999946,482.49478,Sauvadel
1.3029762e-05,30566.227,241500.44,11703.709,0.00025886967,45.536655,17.477356,3668936.8,2.0002933,41826.133,2.487781,104549.0,4.9999523,512.4951,Sauvadel
1.3991224e-05,32953.586,164796.14,12351.634,0.00029108208,50.140274,17.496096,3741020.5,2.0002859,45162.453,2.488241,112889.0,4.9999557,532.4953,Sauvadel
1.5145443e-05,18067.496,182029.97,7234.0894,0.00028938198,33.383533,16.80296,3047852.2,2.0012965,18371.902,2.4815636,45899.0,4.9998913,339.99258,Sauvadel
1.6688427e-05,16939.984,136220.34,6898.926,0.00025356954,30.725939,16.733564,1559799.8,2.0006533,32952.76,2.4862335,82354.0,4.9999394,454.99448,Sauvadel
1.1249291e-05,23850.14,202398.2,9528.978,0.00020993676,36.248676,17.242725,3924551.0,2.0007968,26092.39,2.4845297,65204.0,4.999923,404.99377,Sauvadel
9.180896e-06,26965.03,341854.62,10834.946,0.00017060933,36.60012,17.46041,4611935.0,2.0094528,29896.64,2.4855158,74389.0,4.999933,432.49417,Sauvadel
1.5820737e-05,23584.383,160837.6,9239.907,0.0002775325,38.94238,17.060774,2132474.2,2.0008612,43908.9,2.4880726,109724.0,4.999954,524.99524,Sauvadel
1.9590943e-05,17355.95,93810.664,6971.4336,0.00029360727,32.628063,16.66849,1288770.9,2.003026,40260.824,2.4875374,100499.0,4.9999504,502.495,Sauvadel
1.9433148e-05,16955.227,97243.984,6793.6904,0.0003072711,32.73031,16.642143,1481764.4,2.0034266,32998.44,2.4862335,82354.0,4.9999394,454.99448,Sauvadel
1.794474e-05,29006.172,134756.0,10818.239,0.00034230555,49.08257,17.188736,2656738.5,2.0003192,47313.55,2.488511,118264.0,4.9999576,544.99536,Sauvadel
1.2815994e-05,27715.857,247627.28,10712.279,0.00025727157,42.81495,17.379557,3749307.8,2.0006542,34051.137,2.4864573,85099.0,4.9999413,462.49457,Sauvadel
1.2207662e-05,26767.414,180764.17,10551.811,0.0002165751,39.393387,17.32727,2767114.2,2.0004473,45592.195,2.488296,113954.0,4.999956,534.9953,Sauvadel
1.7118798e-05,22451.232,98440.69,8745.11,0.0003052016,39.23474,16.976965,1950942.2,2.0004823,42240.184,2.4878404,105574.0,4.999953,514.9951,Sauvadel
2.085994e-05,17918.72,106956.414,7095.438,0.00032861668,34.717014,16.701601,1371787.9,2.0016284,38643.438,2.487284,96529.0,4.999948,492.4949,Sauvadel
1.4511359e-05,22226.904,204512.7,8784.638,0.00026385696,37.082367,17.085846,2525485.8,2.0117524,33869.863,2.4863834,84179.0,4.9999404,459.99454,Sauvadel
1.654913e-05,19785.4,161454.52,7762.4087,0.00031907953,36.903023,16.88418,2896785.8,2.0007405,22060.164,2.4831765,55129.0,4.9999094,372.49326,Sauvadel
1.2368009e-05,25329.83,148443.73,10026.496,0.00021882425,38.195732,17.242533,2737582.2,2.0023277,41460.2,2.487721,103529.0,4.999952,509.9951,Sauvadel
1.4120238e-05,22394.502,143565.62,8881.051,0.00025015304,36.682335,17.058224,2322887.5,2.0015173,37470.402,2.4870868,93604.0,4.9999466,484.9948,Sauvadel
1.0666215e-05,34127.91,113615.016,13057.398,0.00022678715,47.12365,17.536243,4450141.0,2.004719,43993.56,2.4880726,109724.0,4.999954,524.99524,Sauvadel
1.2967887e-05,25011.07,367203.1,9826.127,0.00024472116,39.169704,17.293364,4277183.5,2.0004616,25127.797,2.4842372,62804.0,4.9999204,397.49368,Sauvadel
1.6375627e-05,26022.824,158284.95,9991.542,0.0002993247,43.06474,17.167732,2364314.5,2.0011444,46036.33,2.4883504,115024.0,4.9999566,537.4953,Sauvadel
1.3477901e-05,23869.842,264468.44,9309.299,0.00028292442,39.73168,17.182346,4350519.0,2.0002759,21759.002,2.4830625,54389.0,4.999908,369.9932,Sauvadel
1.5560872e-05,20217.94,167185.33,7935.9473,0.00030953626,37.059814,16.933088,3305663.8,2.0014298,20320.518,2.4824686,50764.0,4.9999013,357.49295,Sauvadel
2.0438056e-05,20755.697,97475.59,7997.526,0.00036844483,39.86906,16.833096,1903663.1,2.0012379,35177.758,2.4866738,87889.0,4.9999433,469.99466,Sauvadel
1.6975071e-05,21730.531,187449.97,8528.183,0.00028780865,37.83136,17.017324,2359691.8,2.0003347,33311.574,2.486309,83264.0,4.99994,457.4945,Sauvadel
1.5715174e-05,19235.766,141113.05,7774.5215,0.00023897119,32.72917,16.88874,1769999.0,2.000545,37452.203,2.4870868,93604.0,4.9999466,484.9948,Sauvadel
1.5805308e-05,22349.545,138114.97,8706.05,0.00030562677,39.175995,17.013062,2373744.0,2.002859,34459.19,2.4865303,86024.0,4.999942,464.9946,Sauvadel
1.42444815e-05,24486.145,178305.03,9526.673,0.00027943982,40.368973,17.179283,3017329.2,2.0019257,32973.72,2.4862335,82354.0,4.9999394,454.99448,Sauvadel
1.5822305e-05,22858.07,148938.9,8838.824,0.00032039898,40.476463,17.030674,2749298.2,2.0012503,30469.037,2.4856815,76124.0,4.999934,437.49426,Sauvadel
1.2343578e-05,32879.086,220156.94,12465.735,0.00026322764,48.160206,17.552532,6132999.0,3.0966058,69258.69,2.4881854,111829.0,4.999955,529.99524,Sauvadel
1.4482275e-05,26943.6,154283.8,10402.859,0.0002745966,42.636517,17.265158,3330095.0,2.4985843,56413.035,2.488241,112889.0,4.9999557,532.4953,Sauvadel
1.24015e-05,29137.34,203964.67,11283.548,0.00024064351,43.114845,17.40888,3547243.5,2.107853,44941.53,2.4878993,106604.0,4.9999533,517.4951,Sauvadel
1.7648441e-05,27779.74,123297.05,10433.291,0.0003396691,47.34837,17.164268,2665210.8,2.0019393,43932.56,2.4880726,109724.0,4.999954,524.99524,Sauvadel
1.6206122e-05,25745.662,133084.4,9887.512,0.00030105904,42.896503,17.151224,2356356.2,2.002451,45211.336,2.488241,112889.0,4.9999557,532.4953,Sauvadel
1.06544985e-05,31653.607,197129.53,12128.023,0.00024293817,45.885063,17.536224,5330065.0,2.000616,31161.596,2.485844,77879.0,4.9999356,442.49432,Sauvadel
1.32149e-05,28358.438,189297.66,10921.984,0.0002634011,43.64817,17.355581,3506617.2,2.000327,37836.188,2.4871533,94574.0,4.999947,487.49484,Sauvadel
1.28535685e-05,32520.586,171169.75,12291.88,0.00027378192,48.52706,17.472523,4035046.5,2.002384,41869.85,2.487781,104549.0,4.9999523,512.4951,Sauvadel
1.7131078e-05,20085.98,124475.94,7984.5884,0.00027764455,35.29771,16.873268,1718139.4,2.0036457,40273.277,2.4875374,100499.0,4.9999504,502.495,Sauvadel
1.8033346e-05,22926.248,106534.93,8893.001,0.00030560812,40.061554,16.975706,1719041.2,2.0005066,49518.54,2.488769,123764.0,4.9999595,557.4955,Sauvadel
2.0355292e-05,15267.431,162259.77,6244.9775,0.00027310246,29.400105,16.574656,1107259.2,2.000656,37454.277,2.4870868,93604.0,4.9999466,484.9948,Sauvadel
1.4479198e-05,20086.006,197592.97,7997.9746,0.0002754288,35.074745,16.96346,3415483.5,2.0006838,20312.943,2.4824686,50764.0,4.9999013,357.49295,Sauvadel
